platform,source_product_id,brand,brand_inconsistent,product_url,first_review_date,last_review_date,total_review_count,last_rebuilt_at
flipkart,AFKGFYDYGVXGB5R5,Nutriglow,f,https://www.flipkart.com/x/p/x?pid=AFKGFYDYGVXGB5R5,2026-02-01,2026-08-01,6,2026-08-19 20:00:40.818952+05:30
flipkart,BRFFFFSV3HYFVG3K,Pepe,f,https://www.flipkart.com/x/p/x?pid=BRFFFFSV3HYFVG3K,2025-10-01,2026-07-01,4,2026-08-19 20:00:40.818952+05:30
flipkart,BRFFFFSV75AEABXU,Pepe,f,https://www.flipkart.com/x/p/x?pid=BRFFFFSV75AEABXU,2026-06-21,2026-06-21,1,2026-08-19 20:00:40.818952+05:30
flipkart,BRFFFFSVPTUYVHFF,Pepe,f,https://www.flipkart.com/x/p/x?pid=BRFFFFSVPTUYVHFF,2025-10-01,2026-07-01,3,2026-08-19 20:00:40.818952+05:30
flipkart,BRFFFFSVSXRZYFDF,Pepe,f,https://www.flipkart.com/x/p/x?pid=BRFFFFSVSXRZYFDF,2025-10-01,2026-07-01,3,2026-08-19 20:00:40.818952+05:30
flipkart,BRFFFFSVZH5NTPFM,Pepe,f,https://www.flipkart.com/x/p/x?pid=BRFFFFSVZH5NTPFM,2026-06-21,2026-06-21,1,2026-08-19 20:00:40.818952+05:30
flipkart,BRFG5S4FKDZVGBTN,Pepe,f,https://www.flipkart.com/x/p/x?pid=BRFG5S4FKDZVGBTN,2026-05-01,2026-05-01,1,2026-08-19 20:00:40.818952+05:30
flipkart,BRFGCV4VG7FF6ZSA,Pepe,f,https://www.flipkart.com/x/p/x?pid=BRFGCV4VG7FF6ZSA,2025-10-01,2025-11-01,3,2026-08-19 20:00:40.818952+05:30
flipkart,BRFGD7GARARCGURT,Pepe,f,https://www.flipkart.com/x/p/x?pid=BRFGD7GARARCGURT,2026-01-01,2026-01-01,1,2026-08-19 20:00:40.818952+05:30
flipkart,BRFGE32PMW5S6RM9,Pepe,f,https://www.flipkart.com/x/p/x?pid=BRFGE32PMW5S6RM9,2025-09-01,2025-12-01,2,2026-08-19 20:00:40.818952+05:30
flipkart,BRFGKD9AK6H2KK6Y,Pepe,f,https://www.flipkart.com/x/p/x?pid=BRFGKD9AK6H2KK6Y,2026-01-01,2026-02-01,2,2026-08-19 20:00:40.818952+05:30
flipkart,BRFHCBZ4PMXZYRRZ,Pepe,f,https://www.flipkart.com/x/p/x?pid=BRFHCBZ4PMXZYRRZ,2026-07-25,2026-07-25,1,2026-08-19 20:00:40.818952+05:30
flipkart,BXRGE9FTZJ7RTHME,Pepe,f,https://www.flipkart.com/x/p/x?pid=BXRGE9FTZJ7RTHME,2026-06-01,2026-06-25,11,2026-08-19 20:00:40.818952+05:30
flipkart,BXRGRFHNAHFPSTSB,Pepe,f,https://www.flipkart.com/x/p/x?pid=BXRGRFHNAHFPSTSB,2025-09-01,2026-08-08,27,2026-08-19 20:00:40.818952+05:30
flipkart,BXRGRFHNGYGVXSHX,Pepe,f,https://www.flipkart.com/x/p/x?pid=BXRGRFHNGYGVXSHX,2025-09-01,2026-08-08,26,2026-08-19 20:00:40.818952+05:30
flipkart,BXRGRFHNSVU6JKXH,Pepe,f,https://www.flipkart.com/x/p/x?pid=BXRGRFHNSVU6JKXH,2025-09-01,2026-08-08,27,2026-08-19 20:00:40.818952+05:30
flipkart,BXRGRFHZ6RH2KZWD,Pepe,f,https://www.flipkart.com/x/p/x?pid=BXRGRFHZ6RH2KZWD,2025-09-01,2026-08-08,27,2026-08-19 20:00:40.818952+05:30
flipkart,BXRGRFHZ8VB6UZR3,Pepe,f,https://www.flipkart.com/x/p/x?pid=BXRGRFHZ8VB6UZR3,2025-09-01,2026-08-08,27,2026-08-19 20:00:40.818952+05:30
flipkart,BXRGRFHZATAPYBDY,Pepe,f,https://www.flipkart.com/x/p/x?pid=BXRGRFHZATAPYBDY,2025-09-01,2026-08-08,27,2026-08-19 20:00:40.818952+05:30
flipkart,BXRGRFHZCVHHZTGY,Pepe,f,https://www.flipkart.com/x/p/x?pid=BXRGRFHZCVHHZTGY,2025-09-01,2026-08-08,27,2026-08-19 20:00:40.818952+05:30
flipkart,BXRGRFHZCXZP6VP8,Pepe,f,https://www.flipkart.com/x/p/x?pid=BXRGRFHZCXZP6VP8,2025-09-01,2026-08-08,27,2026-08-19 20:00:40.818952+05:30
flipkart,BXRGRFHZDKCCHGCH,Pepe,f,https://www.flipkart.com/x/p/x?pid=BXRGRFHZDKCCHGCH,2025-09-01,2026-08-08,26,2026-08-19 20:00:40.818952+05:30
flipkart,BXRGRFHZE7HPWZVS,Pepe,f,https://www.flipkart.com/x/p/x?pid=BXRGRFHZE7HPWZVS,2025-09-01,2026-08-08,26,2026-08-19 20:00:40.818952+05:30
flipkart,BXRGRFHZECWSEYJZ,Pepe,f,https://www.flipkart.com/x/p/x?pid=BXRGRFHZECWSEYJZ,2025-09-01,2026-08-08,26,2026-08-19 20:00:40.818952+05:30
flipkart,BXRGRFHZGBUYPHVS,Pepe,f,https://www.flipkart.com/x/p/x?pid=BXRGRFHZGBUYPHVS,2025-09-01,2026-08-06,20,2026-08-19 20:00:40.818952+05:30
flipkart,BXRGRFHZHHH9XBES,Pepe,f,https://www.flipkart.com/x/p/x?pid=BXRGRFHZHHH9XBES,2026-06-28,2026-06-28,1,2026-08-19 20:00:40.818952+05:30
flipkart,BXRGRFHZMPDXZWY7,Pepe,f,https://www.flipkart.com/x/p/x?pid=BXRGRFHZMPDXZWY7,2025-09-01,2026-08-08,26,2026-08-19 20:00:40.818952+05:30
flipkart,BXRGRFHZNQNZARUM,Pepe,f,https://www.flipkart.com/x/p/x?pid=BXRGRFHZNQNZARUM,2025-09-01,2026-08-08,27,2026-08-19 20:00:40.818952+05:30
flipkart,BXRGRFHZZBHHZDXP,Pepe,f,https://www.flipkart.com/x/p/x?pid=BXRGRFHZZBHHZDXP,2026-06-28,2026-06-28,1,2026-08-19 20:00:40.818952+05:30
flipkart,BXRGRFHZZKF8JG49,Pepe,f,https://www.flipkart.com/x/p/x?pid=BXRGRFHZZKF8JG49,2025-09-01,2026-08-08,26,2026-08-19 20:00:40.818952+05:30
flipkart,BXRGRFMQAJVB8HKM,Pepe,f,https://www.flipkart.com/x/p/x?pid=BXRGRFMQAJVB8HKM,2025-09-01,2026-08-08,27,2026-08-19 20:00:40.818952+05:30
flipkart,BXRGRFMQGMS7H6FH,Pepe,f,https://www.flipkart.com/x/p/x?pid=BXRGRFMQGMS7H6FH,2026-06-28,2026-06-28,1,2026-08-19 20:00:40.818952+05:30
flipkart,BXRGRFMQGMZFEGNJ,Pepe,f,https://www.flipkart.com/x/p/x?pid=BXRGRFMQGMZFEGNJ,2025-09-01,2026-08-08,27,2026-08-19 20:00:40.818952+05:30
flipkart,BXRGRFMQHGNKWPEY,Pepe,f,https://www.flipkart.com/x/p/x?pid=BXRGRFMQHGNKWPEY,2025-09-01,2026-08-08,26,2026-08-19 20:00:40.818952+05:30
flipkart,BXRGRFMQHQHQPFJZ,Pepe,f,https://www.flipkart.com/x/p/x?pid=BXRGRFMQHQHQPFJZ,2025-09-01,2026-08-08,26,2026-08-19 20:00:40.818952+05:30
flipkart,BXRGRFMQVPRAX7QU,Pepe,f,https://www.flipkart.com/x/p/x?pid=BXRGRFMQVPRAX7QU,2025-09-01,2026-08-08,27,2026-08-19 20:00:40.818952+05:30
flipkart,BXRGRFMQXVGVCHTX,Pepe,f,https://www.flipkart.com/x/p/x?pid=BXRGRFMQXVGVCHTX,2025-09-01,2026-08-08,27,2026-08-19 20:00:40.818952+05:30
flipkart,BXRGRFMQYHQS4BM7,Pepe,f,https://www.flipkart.com/x/p/x?pid=BXRGRFMQYHQS4BM7,2025-09-01,2026-08-08,27,2026-08-19 20:00:40.818952+05:30
flipkart,BXRGRFMQYKUB9K5S,Pepe,f,https://www.flipkart.com/x/p/x?pid=BXRGRFMQYKUB9K5S,2025-09-01,2026-08-08,26,2026-08-19 20:00:40.818952+05:30
flipkart,BXRGZJCWFM47ZXAB,Pepe,f,https://www.flipkart.com/x/p/x?pid=BXRGZJCWFM47ZXAB,2025-09-01,2026-08-03,80,2026-08-19 20:00:40.818952+05:30
flipkart,BXRGZJCWRGRQZUPY,Pepe,f,https://www.flipkart.com/x/p/x?pid=BXRGZJCWRGRQZUPY,2026-06-01,2026-06-22,3,2026-08-19 20:00:40.818952+05:30
flipkart,BXRGZJCWSKK9RSYE,Pepe,f,https://www.flipkart.com/x/p/x?pid=BXRGZJCWSKK9RSYE,2025-09-01,2026-08-03,80,2026-08-19 20:00:40.818952+05:30
flipkart,BXRGZJCWTRB2DDZH,Pepe,f,https://www.flipkart.com/x/p/x?pid=BXRGZJCWTRB2DDZH,2025-09-01,2026-08-03,80,2026-08-19 20:00:40.818952+05:30
flipkart,BXRGZJCWUYJDVF9M,Pepe,f,https://www.flipkart.com/x/p/x?pid=BXRGZJCWUYJDVF9M,2026-06-01,2026-06-22,3,2026-08-19 20:00:40.818952+05:30
flipkart,BXRGZJCWYYCZQ9PZ,Pepe,f,https://www.flipkart.com/x/p/x?pid=BXRGZJCWYYCZQ9PZ,2025-09-01,2026-08-02,79,2026-08-19 20:00:40.818952+05:30
flipkart,BXRH2W5S7X8D9ZSS,Pepe,f,https://www.flipkart.com/x/p/x?pid=BXRH2W5S7X8D9ZSS,2026-06-07,2026-06-07,1,2026-08-19 20:00:40.818952+05:30
flipkart,BXRH2W5SF88MYEM4,Pepe,f,https://www.flipkart.com/x/p/x?pid=BXRH2W5SF88MYEM4,2025-09-01,2026-07-29,20,2026-08-19 20:00:40.818952+05:30
flipkart,BXRH2W5SFQQVTYE9,Pepe,f,https://www.flipkart.com/x/p/x?pid=BXRH2W5SFQQVTYE9,2026-06-07,2026-06-07,1,2026-08-19 20:00:40.818952+05:30
flipkart,BXRH2W5SGFUP77YP,Pepe,f,https://www.flipkart.com/x/p/x?pid=BXRH2W5SGFUP77YP,2025-09-01,2026-07-29,20,2026-08-19 20:00:40.818952+05:30
flipkart,BXRH2W5SGPFYRGVV,Pepe,f,https://www.flipkart.com/x/p/x?pid=BXRH2W5SGPFYRGVV,2025-09-01,2026-07-29,20,2026-08-19 20:00:40.818952+05:30
flipkart,BXRH2W5SJRAGFHXT,Pepe,f,https://www.flipkart.com/x/p/x?pid=BXRH2W5SJRAGFHXT,2025-09-01,2026-07-29,20,2026-08-19 20:00:40.818952+05:30
flipkart,BXRH2W5SKAPWZYHQ,Pepe,f,https://www.flipkart.com/x/p/x?pid=BXRH2W5SKAPWZYHQ,2025-09-01,2026-07-29,19,2026-08-19 20:00:40.818952+05:30
flipkart,BXRH2W5SMYCHTMF8,Pepe,f,https://www.flipkart.com/x/p/x?pid=BXRH2W5SMYCHTMF8,2025-09-01,2026-07-29,19,2026-08-19 20:00:40.818952+05:30
flipkart,BXRH2W5SSU8DYVH5,Pepe,f,https://www.flipkart.com/x/p/x?pid=BXRH2W5SSU8DYVH5,2025-09-01,2026-07-29,20,2026-08-19 20:00:40.818952+05:30
flipkart,BXRH2W5SSXWGWGSD,Pepe,f,https://www.flipkart.com/x/p/x?pid=BXRH2W5SSXWGWGSD,2025-09-01,2026-07-29,20,2026-08-19 20:00:40.818952+05:30
flipkart,BXRH2W5SWTEMKHPG,Pepe,f,https://www.flipkart.com/x/p/x?pid=BXRH2W5SWTEMKHPG,2025-09-01,2026-07-29,19,2026-08-19 20:00:40.818952+05:30
flipkart,BXRH2W5SZGUTXVQM,Pepe,f,https://www.flipkart.com/x/p/x?pid=BXRH2W5SZGUTXVQM,2025-09-01,2026-07-29,20,2026-08-19 20:00:40.818952+05:30
flipkart,BXRH2W5SZQ2NVMUV,Pepe,f,https://www.flipkart.com/x/p/x?pid=BXRH2W5SZQ2NVMUV,2025-09-01,2026-07-29,20,2026-08-19 20:00:40.818952+05:30
flipkart,BXRH8ZQZMEXQSX4N,Pepe,f,https://www.flipkart.com/x/p/x?pid=BXRH8ZQZMEXQSX4N,2025-09-01,2026-06-21,16,2026-08-19 20:00:40.818952+05:30
flipkart,BXRGZJCWEGYGEC3V,Pepe,f,https://www.flipkart.com/x/p/x?pid=BXRGZJCWEGYGEC3V,2025-09-01,2026-08-03,80,2026-08-19 20:00:40.818952+05:30
flipkart,BXRHC6D2CUYE86JJ,Pepe,f,https://www.flipkart.com/x/p/x?pid=BXRHC6D2CUYE86JJ,2026-06-01,2026-06-29,9,2026-08-19 20:00:40.818952+05:30
flipkart,BXRHC6D3GGAB6HGP,Pepe,f,https://www.flipkart.com/x/p/x?pid=BXRHC6D3GGAB6HGP,2025-10-01,2026-08-04,41,2026-08-19 20:00:40.818952+05:30
flipkart,BXRHC6DF2QGDY8VZ,Pepe,f,https://www.flipkart.com/x/p/x?pid=BXRHC6DF2QGDY8VZ,2026-06-01,2026-06-29,9,2026-08-19 20:00:40.818952+05:30
flipkart,BXRHC6DFCRBPKEPH,Pepe,f,https://www.flipkart.com/x/p/x?pid=BXRHC6DFCRBPKEPH,2025-10-01,2026-08-04,50,2026-08-19 20:00:40.818952+05:30
flipkart,BXRHC6DFE3JTKT5S,Pepe,f,https://www.flipkart.com/x/p/x?pid=BXRHC6DFE3JTKT5S,2025-10-01,2026-08-04,41,2026-08-19 20:00:40.818952+05:30
flipkart,BXRHC6DFMKDBBHTH,Pepe,f,https://www.flipkart.com/x/p/x?pid=BXRHC6DFMKDBBHTH,2026-06-01,2026-06-29,9,2026-08-19 20:00:40.818952+05:30
flipkart,BXRHC6DFVGF9D4WZ,Pepe,f,https://www.flipkart.com/x/p/x?pid=BXRHC6DFVGF9D4WZ,2026-06-01,2026-06-29,9,2026-08-19 20:00:40.818952+05:30
flipkart,BXRHC6DY55BHVQQW,Pepe,f,https://www.flipkart.com/x/p/x?pid=BXRHC6DY55BHVQQW,2025-10-01,2026-08-04,41,2026-08-19 20:00:40.818952+05:30
flipkart,BXRHC6DYCZYBRFTQ,Pepe,f,https://www.flipkart.com/x/p/x?pid=BXRHC6DYCZYBRFTQ,2025-10-01,2026-08-04,51,2026-08-19 20:00:40.818952+05:30
flipkart,BXRHC6DYVZD6TGQX,Pepe,f,https://www.flipkart.com/x/p/x?pid=BXRHC6DYVZD6TGQX,2025-10-01,2026-08-04,51,2026-08-19 20:00:40.818952+05:30
flipkart,BXRHE4ERCEFXTENV,Pepe,f,https://www.flipkart.com/x/p/x?pid=BXRHE4ERCEFXTENV,2025-11-01,2026-07-01,46,2026-08-19 20:00:40.818952+05:30
flipkart,BXRHE4EREQQS6ZU7,Pepe,f,https://www.flipkart.com/x/p/x?pid=BXRHE4EREQQS6ZU7,2026-06-01,2026-06-21,10,2026-08-19 20:00:40.818952+05:30
flipkart,BXRHFCVHCAEX74HM,Pepe,f,https://www.flipkart.com/x/p/x?pid=BXRHFCVHCAEX74HM,2026-06-01,2026-06-01,1,2026-08-19 20:00:40.818952+05:30
flipkart,BXRHFCVHX9MBYZZ6,Pepe,f,https://www.flipkart.com/x/p/x?pid=BXRHFCVHX9MBYZZ6,2026-06-01,2026-06-01,1,2026-08-19 20:00:40.818952+05:30
flipkart,BXRHFQXCBDZZKBFW,Pepe,f,https://www.flipkart.com/x/p/x?pid=BXRHFQXCBDZZKBFW,2025-10-01,2026-08-04,51,2026-08-19 20:00:40.818952+05:30
flipkart,BXRHFQXCH2ZZWNSU,Pepe,f,https://www.flipkart.com/x/p/x?pid=BXRHFQXCH2ZZWNSU,2025-10-01,2026-08-04,50,2026-08-19 20:00:40.818952+05:30
flipkart,BXRHFQXCJFMZ8ZPC,Pepe,f,https://www.flipkart.com/x/p/x?pid=BXRHFQXCJFMZ8ZPC,2025-10-01,2026-08-04,46,2026-08-19 20:00:40.818952+05:30
flipkart,BXRHFQXCJSCCGJ6J,Pepe,f,https://www.flipkart.com/x/p/x?pid=BXRHFQXCJSCCGJ6J,2025-10-01,2026-08-04,50,2026-08-19 20:00:40.818952+05:30
flipkart,BXRHFQXCVGA9H3CZ,Pepe,f,https://www.flipkart.com/x/p/x?pid=BXRHFQXCVGA9H3CZ,2025-10-01,2026-08-04,51,2026-08-19 20:00:40.818952+05:30
flipkart,BXRHFQXCZDYKVXP4,Pepe,f,https://www.flipkart.com/x/p/x?pid=BXRHFQXCZDYKVXP4,2025-10-01,2026-08-04,46,2026-08-19 20:00:40.818952+05:30
flipkart,BXRHFS5FHHMGH7HH,Pepe,f,https://www.flipkart.com/x/p/x?pid=BXRHFS5FHHMGH7HH,2025-10-01,2026-08-04,51,2026-08-19 20:00:40.818952+05:30
flipkart,BXRHFS5FXZJYNWVT,Pepe,f,https://www.flipkart.com/x/p/x?pid=BXRHFS5FXZJYNWVT,2026-06-01,2026-06-29,9,2026-08-19 20:00:40.818952+05:30
flipkart,BXRHKFYDXRHJKZQ5,Pepe,f,https://www.flipkart.com/x/p/x?pid=BXRHKFYDXRHJKZQ5,2026-06-01,2026-06-21,10,2026-08-19 20:00:40.818952+05:30
flipkart,CSPH3ZXR7CY9SYDZ,Pepe,f,https://www.flipkart.com/x/p/x?pid=CSPH3ZXR7CY9SYDZ,2026-04-01,2026-04-01,1,2026-08-19 20:00:40.818952+05:30
flipkart,CSPH3ZXRKPFXNTEP,Pepe,f,https://www.flipkart.com/x/p/x?pid=CSPH3ZXRKPFXNTEP,2026-04-01,2026-04-01,1,2026-08-19 20:00:40.818952+05:30
flipkart,FCKF3RF9ZJ5BEHGD,Nutriglow,f,https://www.flipkart.com/x/p/x?pid=FCKF3RF9ZJ5BEHGD,2026-01-01,2026-08-01,4,2026-08-19 20:00:40.818952+05:30
flipkart,FCKF66QFWW2WHSW8,Nutriglow,f,https://www.flipkart.com/x/p/x?pid=FCKF66QFWW2WHSW8,2026-02-01,2026-08-02,18,2026-08-19 20:00:40.818952+05:30
flipkart,FCKFAG9QPJGNGM9T,Nutriglow,f,https://www.flipkart.com/x/p/x?pid=FCKFAG9QPJGNGM9T,2026-01-01,2026-07-01,3,2026-08-19 20:00:40.818952+05:30
flipkart,FCKFAGAYGGYMEWQT,Nutriglow,f,https://www.flipkart.com/x/p/x?pid=FCKFAGAYGGYMEWQT,2026-02-01,2026-08-02,18,2026-08-19 20:00:40.818952+05:30
flipkart,FCKFB5ZT3FMM3MHR,Nutriglow,f,https://www.flipkart.com/x/p/x?pid=FCKFB5ZT3FMM3MHR,2026-01-01,2026-08-03,39,2026-08-19 20:00:40.818952+05:30
flipkart,FCKFB5ZZHWBSAG8N,Nutriglow,f,https://www.flipkart.com/x/p/x?pid=FCKFB5ZZHWBSAG8N,2026-01-01,2026-07-14,4,2026-08-19 20:00:40.818952+05:30
flipkart,FCKFFGVX9NEVKSKT,Nutriglow,f,https://www.flipkart.com/x/p/x?pid=FCKFFGVX9NEVKSKT,2026-01-01,2026-07-01,19,2026-08-19 20:00:40.818952+05:30
flipkart,FCKFZDUGBQHUUHAA,Nutriglow,f,https://www.flipkart.com/x/p/x?pid=FCKFZDUGBQHUUHAA,2026-04-01,2026-07-01,2,2026-08-19 20:00:40.818952+05:30
flipkart,FCKG75WBGNBBTM4Z,Nutriglow,f,https://www.flipkart.com/x/p/x?pid=FCKG75WBGNBBTM4Z,2026-01-01,2026-07-22,25,2026-08-19 20:00:40.818952+05:30
flipkart,FCKG75WBJHTKREB8,Nutriglow,f,https://www.flipkart.com/x/p/x?pid=FCKG75WBJHTKREB8,2026-01-01,2026-07-01,9,2026-08-19 20:00:40.818952+05:30
flipkart,FCKG75WBTHGH8F9N,Nutriglow,f,https://www.flipkart.com/x/p/x?pid=FCKG75WBTHGH8F9N,2026-02-01,2026-07-11,3,2026-08-19 20:00:40.818952+05:30
flipkart,FCKG75WBU7ZZF74B,Nutriglow,f,https://www.flipkart.com/x/p/x?pid=FCKG75WBU7ZZF74B,2026-04-01,2026-07-01,2,2026-08-19 20:00:40.818952+05:30
flipkart,FCKGHSGM3GZHG5EE,Nutriglow,f,https://www.flipkart.com/x/p/x?pid=FCKGHSGM3GZHG5EE,2026-06-01,2026-06-29,3,2026-08-19 20:00:40.818952+05:30
flipkart,FCKGTQFBSNCNRFFC,Nutriglow,f,https://www.flipkart.com/x/p/x?pid=FCKGTQFBSNCNRFFC,2026-01-01,2026-04-01,4,2026-08-19 20:00:40.818952+05:30
flipkart,FCTEXF6HHGCZVEGC,Nutriglow,f,https://www.flipkart.com/x/p/x?pid=FCTEXF6HHGCZVEGC,2026-01-01,2026-04-01,11,2026-08-19 20:00:40.818952+05:30
flipkart,FCWF79DUH4K8UUYV,Nutriglow,f,https://www.flipkart.com/x/p/x?pid=FCWF79DUH4K8UUYV,2026-03-01,2026-03-01,1,2026-08-19 20:00:40.818952+05:30
flipkart,FCWFF69APPGJZKTX,Nutriglow,f,https://www.flipkart.com/x/p/x?pid=FCWFF69APPGJZKTX,2026-07-01,2026-07-01,1,2026-08-19 20:00:40.818952+05:30
flipkart,FCWFG3MEKYQF6WAE,Nutriglow,f,https://www.flipkart.com/x/p/x?pid=FCWFG3MEKYQF6WAE,2026-01-01,2026-07-01,11,2026-08-19 20:00:40.818952+05:30
flipkart,FRNFFMPM4ZGJZWAV,Nutriglow,f,https://www.flipkart.com/x/p/x?pid=FRNFFMPM4ZGJZWAV,2026-01-01,2026-08-04,4,2026-08-19 20:00:40.818952+05:30
flipkart,HTTE2GR9DZKQN9FY,Nutriglow,f,https://www.flipkart.com/x/p/x?pid=HTTE2GR9DZKQN9FY,2026-06-12,2026-07-01,2,2026-08-19 20:00:40.818952+05:30
flipkart,NSTH3NV9UAGKKRTC,Pepe,f,https://www.flipkart.com/x/p/x?pid=NSTH3NV9UAGKKRTC,2026-05-01,2026-05-01,1,2026-08-19 20:00:40.818952+05:30
flipkart,NSTH563K7FH6RETF,Pepe,f,https://www.flipkart.com/x/p/x?pid=NSTH563K7FH6RETF,2026-05-01,2026-05-01,1,2026-08-19 20:00:40.818952+05:30
flipkart,NSTH563KCBUGEXAH,Pepe,f,https://www.flipkart.com/x/p/x?pid=NSTH563KCBUGEXAH,2026-05-01,2026-05-01,1,2026-08-19 20:00:40.818952+05:30
flipkart,NSTH563KZBUBXDHN,Pepe,f,https://www.flipkart.com/x/p/x?pid=NSTH563KZBUBXDHN,2026-05-01,2026-05-01,1,2026-08-19 20:00:40.818952+05:30
flipkart,PANH46SGYAUW4QVG,Pepe,f,https://www.flipkart.com/x/p/x?pid=PANH46SGYAUW4QVG,2026-06-01,2026-06-01,1,2026-08-19 20:00:40.818952+05:30
flipkart,PANH46SHKWWM8EHK,Pepe,f,https://www.flipkart.com/x/p/x?pid=PANH46SHKWWM8EHK,2026-06-01,2026-06-01,1,2026-08-19 20:00:40.818952+05:30
flipkart,PANH46SJBFBCEPZV,Pepe,f,https://www.flipkart.com/x/p/x?pid=PANH46SJBFBCEPZV,2026-06-01,2026-06-01,1,2026-08-19 20:00:40.818952+05:30
flipkart,PANH46SM5MWVTYHY,Pepe,f,https://www.flipkart.com/x/p/x?pid=PANH46SM5MWVTYHY,2025-09-01,2026-08-04,10,2026-08-19 20:00:40.818952+05:30
flipkart,PYJH2TWEBUFSRDZ3,Pepe,f,https://www.flipkart.com/x/p/x?pid=PYJH2TWEBUFSRDZ3,2026-01-01,2026-05-01,2,2026-08-19 20:00:40.818952+05:30
flipkart,PYJH2TWEDVHS27UH,Pepe,f,https://www.flipkart.com/x/p/x?pid=PYJH2TWEDVHS27UH,2026-01-01,2026-05-01,2,2026-08-19 20:00:40.818952+05:30
flipkart,PYJH2TWEGWFY74KG,Pepe,f,https://www.flipkart.com/x/p/x?pid=PYJH2TWEGWFY74KG,2026-01-01,2026-05-01,2,2026-08-19 20:00:40.818952+05:30
flipkart,PYJH2TWEHY8YWRMT,Pepe,f,https://www.flipkart.com/x/p/x?pid=PYJH2TWEHY8YWRMT,2026-01-01,2026-05-01,2,2026-08-19 20:00:40.818952+05:30
flipkart,PYJH2TWEKAJAZHKQ,Pepe,f,https://www.flipkart.com/x/p/x?pid=PYJH2TWEKAJAZHKQ,2026-01-01,2026-05-01,2,2026-08-19 20:00:40.818952+05:30
flipkart,PYJH2TWESEZT65TQ,Pepe,f,https://www.flipkart.com/x/p/x?pid=PYJH2TWESEZT65TQ,2026-01-01,2026-05-01,2,2026-08-19 20:00:40.818952+05:30
flipkart,PYJH2TWEUG3HEKYA,Pepe,f,https://www.flipkart.com/x/p/x?pid=PYJH2TWEUG3HEKYA,2026-01-01,2026-05-01,2,2026-08-19 20:00:40.818952+05:30
flipkart,PYJH2TWEVMWB87KU,Pepe,f,https://www.flipkart.com/x/p/x?pid=PYJH2TWEVMWB87KU,2026-01-01,2026-05-01,2,2026-08-19 20:00:40.818952+05:30
flipkart,PYJH2TWEWZPG2CWJ,Pepe,f,https://www.flipkart.com/x/p/x?pid=PYJH2TWEWZPG2CWJ,2026-01-01,2026-05-01,2,2026-08-19 20:00:40.818952+05:30
flipkart,PYJH2TWEYASHYAGW,Pepe,f,https://www.flipkart.com/x/p/x?pid=PYJH2TWEYASHYAGW,2026-01-01,2026-05-01,2,2026-08-19 20:00:40.818952+05:30
flipkart,SNRE5FB4TUKHY9GR,Nutriglow,f,https://www.flipkart.com/x/p/x?pid=SNRE5FB4TUKHY9GR,2026-01-01,2026-08-01,151,2026-08-19 20:00:40.818952+05:30
flipkart,SNREQ9KFHCMXACM9,Nutriglow,f,https://www.flipkart.com/x/p/x?pid=SNREQ9KFHCMXACM9,2026-03-01,2026-03-01,2,2026-08-19 20:00:40.818952+05:30
flipkart,SNRFEMFYNJHWJ9VG,Nutriglow,f,https://www.flipkart.com/x/p/x?pid=SNRFEMFYNJHWJ9VG,2026-02-01,2026-07-01,9,2026-08-19 20:00:40.818952+05:30
flipkart,SNRGEHFWXXTCVDZM,Nutriglow,f,https://www.flipkart.com/x/p/x?pid=SNRGEHFWXXTCVDZM,2026-01-01,2026-08-02,68,2026-08-19 20:00:40.818952+05:30
flipkart,SNRGEMJDBHBCNYCF,Nutriglow,f,https://www.flipkart.com/x/p/x?pid=SNRGEMJDBHBCNYCF,2026-06-01,2026-06-28,20,2026-08-19 20:00:40.818952+05:30
flipkart,SNRGYXWQ97FHGQRP,Nutriglow,f,https://www.flipkart.com/x/p/x?pid=SNRGYXWQ97FHGQRP,2026-07-01,2026-07-01,1,2026-08-19 20:00:40.818952+05:30
flipkart,SOCGQZ4YJKUZNUZK,Pepe,f,https://www.flipkart.com/x/p/x?pid=SOCGQZ4YJKUZNUZK,2025-10-01,2026-07-01,4,2026-08-19 20:00:40.818952+05:30
flipkart,SOCGQZ4YPACQVYGH,Pepe,f,https://www.flipkart.com/x/p/x?pid=SOCGQZ4YPACQVYGH,2025-10-01,2026-07-01,4,2026-08-19 20:00:40.818952+05:30
flipkart,SOCH7KSZXDZQHQGG,Pepe,f,https://www.flipkart.com/x/p/x?pid=SOCH7KSZXDZQHQGG,2025-11-01,2026-07-12,9,2026-08-19 20:00:40.818952+05:30
flipkart,SOCH8ERGSC6PEHZF,Pepe,f,https://www.flipkart.com/x/p/x?pid=SOCH8ERGSC6PEHZF,2025-11-01,2026-07-12,9,2026-08-19 20:00:40.818952+05:30
flipkart,SRTFEYC44SNDHXKZ,Pepe,f,https://www.flipkart.com/x/p/x?pid=SRTFEYC44SNDHXKZ,2025-10-01,2026-07-23,19,2026-08-19 20:00:40.818952+05:30
flipkart,SRTFEYC4J2SHRAFG,Pepe,f,https://www.flipkart.com/x/p/x?pid=SRTFEYC4J2SHRAFG,2025-10-01,2026-07-23,20,2026-08-19 20:00:40.818952+05:30
flipkart,SRTFEYC4J3YQFBHE,Pepe,f,https://www.flipkart.com/x/p/x?pid=SRTFEYC4J3YQFBHE,2025-10-01,2026-07-23,20,2026-08-19 20:00:40.818952+05:30
flipkart,SRTFEYC4TZKPS3UG,Pepe,f,https://www.flipkart.com/x/p/x?pid=SRTFEYC4TZKPS3UG,2026-06-29,2026-06-29,1,2026-08-19 20:00:40.818952+05:30
flipkart,SRTFFFUD3BGPEXZY,Pepe,f,https://www.flipkart.com/x/p/x?pid=SRTFFFUD3BGPEXZY,2025-09-01,2026-06-01,21,2026-08-19 20:00:40.818952+05:30
flipkart,SRTFFFUD8AZAJJDY,Pepe,f,https://www.flipkart.com/x/p/x?pid=SRTFFFUD8AZAJJDY,2025-09-01,2026-06-01,21,2026-08-19 20:00:40.818952+05:30
flipkart,SRTFFFUDBDKVKAHP,Pepe,f,https://www.flipkart.com/x/p/x?pid=SRTFFFUDBDKVKAHP,2025-09-01,2026-06-01,21,2026-08-19 20:00:40.818952+05:30
flipkart,SRTFFFUDEG5GPAZ3,Pepe,f,https://www.flipkart.com/x/p/x?pid=SRTFFFUDEG5GPAZ3,2025-09-01,2026-06-01,21,2026-08-19 20:00:40.818952+05:30
flipkart,SRTFFFUDGCPVKPJS,Pepe,f,https://www.flipkart.com/x/p/x?pid=SRTFFFUDGCPVKPJS,2025-09-01,2026-06-01,21,2026-08-19 20:00:40.818952+05:30
flipkart,SRTFFFUDJNHPTACS,Pepe,f,https://www.flipkart.com/x/p/x?pid=SRTFFFUDJNHPTACS,2025-09-01,2026-06-01,21,2026-08-19 20:00:40.818952+05:30
flipkart,SRTFFFUDKHADW5AT,Pepe,f,https://www.flipkart.com/x/p/x?pid=SRTFFFUDKHADW5AT,2025-09-01,2026-06-01,21,2026-08-19 20:00:40.818952+05:30
flipkart,SRTFFFUDPECZJGJN,Pepe,f,https://www.flipkart.com/x/p/x?pid=SRTFFFUDPECZJGJN,2025-09-01,2026-06-01,21,2026-08-19 20:00:40.818952+05:30
flipkart,SRTFFFUDS9Q4YWUA,Pepe,f,https://www.flipkart.com/x/p/x?pid=SRTFFFUDS9Q4YWUA,2025-09-01,2026-06-01,21,2026-08-19 20:00:40.818952+05:30
flipkart,SRTFFFUDSEGXM6WS,Pepe,f,https://www.flipkart.com/x/p/x?pid=SRTFFFUDSEGXM6WS,2025-09-01,2026-06-01,21,2026-08-19 20:00:40.818952+05:30
flipkart,SRTFFFUDVZFADD9P,Pepe,f,https://www.flipkart.com/x/p/x?pid=SRTFFFUDVZFADD9P,2025-09-01,2026-06-01,21,2026-08-19 20:00:40.818952+05:30
flipkart,SRTGSYQG33X94BQH,Pepe,f,https://www.flipkart.com/x/p/x?pid=SRTGSYQG33X94BQH,2025-10-01,2026-07-23,20,2026-08-19 20:00:40.818952+05:30
flipkart,SRTGSYQGDJQ4FYCH,Pepe,f,https://www.flipkart.com/x/p/x?pid=SRTGSYQGDJQ4FYCH,2025-10-01,2026-07-23,20,2026-08-19 20:00:40.818952+05:30
flipkart,SRTGSYQGKBHXGKWV,Pepe,f,https://www.flipkart.com/x/p/x?pid=SRTGSYQGKBHXGKWV,2025-10-01,2026-07-23,19,2026-08-19 20:00:40.818952+05:30
flipkart,SRTGSYQGKNWEKJRC,Pepe,f,https://www.flipkart.com/x/p/x?pid=SRTGSYQGKNWEKJRC,2025-10-01,2026-07-23,20,2026-08-19 20:00:40.818952+05:30
flipkart,SRTGSYQGMGZZC5A6,Pepe,f,https://www.flipkart.com/x/p/x?pid=SRTGSYQGMGZZC5A6,2025-10-01,2026-07-23,20,2026-08-19 20:00:40.818952+05:30
flipkart,SRTGSYQGQPJEP8SR,Pepe,f,https://www.flipkart.com/x/p/x?pid=SRTGSYQGQPJEP8SR,2025-10-01,2026-07-23,20,2026-08-19 20:00:40.818952+05:30
flipkart,SRTGSYQGUNZZH6A6,Pepe,f,https://www.flipkart.com/x/p/x?pid=SRTGSYQGUNZZH6A6,2025-10-01,2026-07-23,20,2026-08-19 20:00:40.818952+05:30
flipkart,SRTGSYQGXBGUJYRQ,Pepe,f,https://www.flipkart.com/x/p/x?pid=SRTGSYQGXBGUJYRQ,2025-10-01,2026-07-23,20,2026-08-19 20:00:40.818952+05:30
flipkart,SRTGSYQGYYGHFF5Y,Pepe,f,https://www.flipkart.com/x/p/x?pid=SRTGSYQGYYGHFF5Y,2025-10-01,2026-07-23,20,2026-08-19 20:00:40.818952+05:30
flipkart,SRTGSYQGZFHM7HB2,Pepe,f,https://www.flipkart.com/x/p/x?pid=SRTGSYQGZFHM7HB2,2025-10-01,2026-07-23,20,2026-08-19 20:00:40.818952+05:30
flipkart,SRTH6AFXGZGAQBMS,Pepe,f,https://www.flipkart.com/x/p/x?pid=SRTH6AFXGZGAQBMS,2025-10-01,2026-07-23,20,2026-08-19 20:00:40.818952+05:30
flipkart,SRTHDH2J2ZEZZYYT,Pepe,f,https://www.flipkart.com/x/p/x?pid=SRTHDH2J2ZEZZYYT,2025-10-01,2026-07-23,20,2026-08-19 20:00:40.818952+05:30
flipkart,SRTHDH2J4RH3QHCM,Pepe,f,https://www.flipkart.com/x/p/x?pid=SRTHDH2J4RH3QHCM,2025-10-01,2026-07-23,20,2026-08-19 20:00:40.818952+05:30
flipkart,SRTHDH2JESGPPG8F,Pepe,f,https://www.flipkart.com/x/p/x?pid=SRTHDH2JESGPPG8F,2025-10-01,2026-07-23,20,2026-08-19 20:00:40.818952+05:30
flipkart,SRTHDH2JGFCMMGZK,Pepe,f,https://www.flipkart.com/x/p/x?pid=SRTHDH2JGFCMMGZK,2025-10-01,2026-07-23,20,2026-08-19 20:00:40.818952+05:30
flipkart,SRTHDH2JGGZZSZEA,Pepe,f,https://www.flipkart.com/x/p/x?pid=SRTHDH2JGGZZSZEA,2025-10-01,2026-07-23,20,2026-08-19 20:00:40.818952+05:30
flipkart,SRTHDH2JHYDY2ZF3,Pepe,f,https://www.flipkart.com/x/p/x?pid=SRTHDH2JHYDY2ZF3,2025-10-01,2026-07-23,20,2026-08-19 20:00:40.818952+05:30
flipkart,SRTHDH2JJCKJWXVF,Pepe,f,https://www.flipkart.com/x/p/x?pid=SRTHDH2JJCKJWXVF,2025-10-01,2026-07-23,20,2026-08-19 20:00:40.818952+05:30
flipkart,SRTHDH2JJY3GGYAD,Pepe,f,https://www.flipkart.com/x/p/x?pid=SRTHDH2JJY3GGYAD,2025-10-01,2026-07-23,20,2026-08-19 20:00:40.818952+05:30
flipkart,SRTHDH2JPJPQYYZA,Pepe,f,https://www.flipkart.com/x/p/x?pid=SRTHDH2JPJPQYYZA,2025-10-01,2026-07-23,20,2026-08-19 20:00:40.818952+05:30
flipkart,SRTHDH2JQHPS3UEG,Pepe,f,https://www.flipkart.com/x/p/x?pid=SRTHDH2JQHPS3UEG,2025-10-01,2026-07-23,20,2026-08-19 20:00:40.818952+05:30
flipkart,SRTHDH2JU8TN9A2F,Pepe,f,https://www.flipkart.com/x/p/x?pid=SRTHDH2JU8TN9A2F,2025-10-01,2026-07-23,20,2026-08-19 20:00:40.818952+05:30
flipkart,SRTHDH2JUCVYW4FZ,Pepe,f,https://www.flipkart.com/x/p/x?pid=SRTHDH2JUCVYW4FZ,2026-06-29,2026-06-29,1,2026-08-19 20:00:40.818952+05:30
flipkart,SRTHDH2JVRWAEHKQ,Pepe,f,https://www.flipkart.com/x/p/x?pid=SRTHDH2JVRWAEHKQ,2025-10-01,2026-07-23,20,2026-08-19 20:00:40.818952+05:30
flipkart,SRTHDH2JWSHGP896,Pepe,f,https://www.flipkart.com/x/p/x?pid=SRTHDH2JWSHGP896,2025-10-01,2026-07-23,20,2026-08-19 20:00:40.818952+05:30
flipkart,SRTHDH2JWZAPE9VY,Pepe,f,https://www.flipkart.com/x/p/x?pid=SRTHDH2JWZAPE9VY,2025-10-01,2026-07-23,20,2026-08-19 20:00:40.818952+05:30
flipkart,SRTHZA56HKFQFPZQ,Pepe,f,https://www.flipkart.com/x/p/x?pid=SRTHZA56HKFQFPZQ,2026-07-26,2026-07-26,1,2026-08-19 20:00:40.818952+05:30
flipkart,SRTHZA56UPTVQUGZ,Pepe,f,https://www.flipkart.com/x/p/x?pid=SRTHZA56UPTVQUGZ,2026-07-13,2026-07-14,2,2026-08-19 20:00:40.818952+05:30
flipkart,SRTHZA5M4CHTDS2X,Pepe,f,https://www.flipkart.com/x/p/x?pid=SRTHZA5M4CHTDS2X,2026-07-26,2026-07-26,1,2026-08-19 20:00:40.818952+05:30
flipkart,SRTHZA5NGZXYWCAH,Pepe,f,https://www.flipkart.com/x/p/x?pid=SRTHZA5NGZXYWCAH,2026-07-26,2026-07-26,1,2026-08-19 20:00:40.818952+05:30
flipkart,SRTHZA5V7HKVVR7P,Pepe,f,https://www.flipkart.com/x/p/x?pid=SRTHZA5V7HKVVR7P,2026-07-13,2026-07-14,2,2026-08-19 20:00:40.818952+05:30
flipkart,SRTHZA62GFSPNRSY,Pepe,f,https://www.flipkart.com/x/p/x?pid=SRTHZA62GFSPNRSY,2026-07-13,2026-07-14,2,2026-08-19 20:00:40.818952+05:30
flipkart,SRTHZA643ZRHSBRR,Pepe,f,https://www.flipkart.com/x/p/x?pid=SRTHZA643ZRHSBRR,2026-07-26,2026-07-26,1,2026-08-19 20:00:40.818952+05:30
flipkart,SRTHZA67CMV4HG5P,Pepe,f,https://www.flipkart.com/x/p/x?pid=SRTHZA67CMV4HG5P,2026-07-13,2026-07-14,2,2026-08-19 20:00:40.818952+05:30
flipkart,SRTHZA6FFGYV4CZJ,Pepe,f,https://www.flipkart.com/x/p/x?pid=SRTHZA6FFGYV4CZJ,2026-07-13,2026-07-14,2,2026-08-19 20:00:40.818952+05:30
flipkart,SRTHZA7TFANVHUGY,Pepe,f,https://www.flipkart.com/x/p/x?pid=SRTHZA7TFANVHUGY,2026-07-26,2026-07-26,1,2026-08-19 20:00:40.818952+05:30
flipkart,SRTHZA8B6ZPA72RJ,Pepe,f,https://www.flipkart.com/x/p/x?pid=SRTHZA8B6ZPA72RJ,2026-07-13,2026-07-14,2,2026-08-19 20:00:40.818952+05:30
flipkart,SRTHZA8BMHQF4GJP,Pepe,f,https://www.flipkart.com/x/p/x?pid=SRTHZA8BMHQF4GJP,2026-07-26,2026-07-26,1,2026-08-19 20:00:40.818952+05:30
flipkart,SRTHZA8H2BMKZDB3,Pepe,f,https://www.flipkart.com/x/p/x?pid=SRTHZA8H2BMKZDB3,2026-07-13,2026-07-14,2,2026-08-19 20:00:40.818952+05:30
flipkart,SRTHZA8H5DSADPG7,Pepe,f,https://www.flipkart.com/x/p/x?pid=SRTHZA8H5DSADPG7,2026-07-13,2026-07-14,2,2026-08-19 20:00:40.818952+05:30
flipkart,SRTHZA8HGQQ2GSGY,Pepe,f,https://www.flipkart.com/x/p/x?pid=SRTHZA8HGQQ2GSGY,2026-07-26,2026-07-26,1,2026-08-19 20:00:40.818952+05:30
flipkart,SRTHZA8HHDGJXDPF,Pepe,f,https://www.flipkart.com/x/p/x?pid=SRTHZA8HHDGJXDPF,2026-07-26,2026-07-26,1,2026-08-19 20:00:40.818952+05:30
flipkart,SRTHZA8HNNHSMV8Z,Pepe,f,https://www.flipkart.com/x/p/x?pid=SRTHZA8HNNHSMV8Z,2026-07-26,2026-07-26,1,2026-08-19 20:00:40.818952+05:30
flipkart,SRTHZA9WGEX8Z2HK,Pepe,f,https://www.flipkart.com/x/p/x?pid=SRTHZA9WGEX8Z2HK,2026-07-26,2026-07-26,1,2026-08-19 20:00:40.818952+05:30
flipkart,SSVGY7YYCCFUVZKH,Nutriglow,f,https://www.flipkart.com/x/p/x?pid=SSVGY7YYCCFUVZKH,2026-06-16,2026-07-01,2,2026-08-19 20:00:40.818952+05:30
flipkart,SSVGY97GTC7FAWYP,Nutriglow,f,https://www.flipkart.com/x/p/x?pid=SSVGY97GTC7FAWYP,2026-02-01,2026-04-01,2,2026-08-19 20:00:40.818952+05:30
flipkart,TKPG38GF3GZCVMU5,Pepe,f,https://www.flipkart.com/x/p/x?pid=TKPG38GF3GZCVMU5,2025-09-01,2026-07-30,99,2026-08-19 20:00:40.818952+05:30
flipkart,TKPG38GFGWZYHEA9,Pepe,f,https://www.flipkart.com/x/p/x?pid=TKPG38GFGWZYHEA9,2025-09-01,2026-07-30,99,2026-08-19 20:00:40.818952+05:30
flipkart,TKPG38GFMHZWSH9G,Pepe,f,https://www.flipkart.com/x/p/x?pid=TKPG38GFMHZWSH9G,2026-06-01,2026-06-25,4,2026-08-19 20:00:40.818952+05:30
flipkart,TKPGDC7BBFW3VUZP,Pepe,f,https://www.flipkart.com/x/p/x?pid=TKPGDC7BBFW3VUZP,2025-09-01,2026-07-31,118,2026-08-19 20:00:40.818952+05:30
flipkart,TKPGDC7BDCGGH7FY,Pepe,f,https://www.flipkart.com/x/p/x?pid=TKPGDC7BDCGGH7FY,2025-10-01,2026-05-01,14,2026-08-19 20:00:40.818952+05:30
flipkart,TKPGDC7BGNQBZXHX,Pepe,f,https://www.flipkart.com/x/p/x?pid=TKPGDC7BGNQBZXHX,2025-09-01,2026-07-31,118,2026-08-19 20:00:40.818952+05:30
flipkart,TKPGDC7BGZNCKDUZ,Pepe,f,https://www.flipkart.com/x/p/x?pid=TKPGDC7BGZNCKDUZ,2025-10-01,2026-05-01,14,2026-08-19 20:00:40.818952+05:30
flipkart,TKPGDC7BHZZQKEX6,Pepe,f,https://www.flipkart.com/x/p/x?pid=TKPGDC7BHZZQKEX6,2025-09-01,2026-07-31,118,2026-08-19 20:00:40.818952+05:30
flipkart,TKPGDC7BK9HTWTBG,Pepe,f,https://www.flipkart.com/x/p/x?pid=TKPGDC7BK9HTWTBG,2025-09-01,2026-07-31,118,2026-08-19 20:00:40.818952+05:30
flipkart,TKPGDC7BNJTFHSJS,Pepe,f,https://www.flipkart.com/x/p/x?pid=TKPGDC7BNJTFHSJS,2025-09-01,2026-07-31,118,2026-08-19 20:00:40.818952+05:30
flipkart,TKPGDC7BUCQHMG9X,Pepe,f,https://www.flipkart.com/x/p/x?pid=TKPGDC7BUCQHMG9X,2025-10-01,2026-05-01,14,2026-08-19 20:00:40.818952+05:30
flipkart,TKPGFQNDGFD8NKG6,Pepe,f,https://www.flipkart.com/x/p/x?pid=TKPGFQNDGFD8NKG6,2026-06-01,2026-06-29,36,2026-08-19 20:00:40.818952+05:30
flipkart,TKPGFQNDRFKAVNYZ,Pepe,f,https://www.flipkart.com/x/p/x?pid=TKPGFQNDRFKAVNYZ,2026-06-01,2026-06-29,36,2026-08-19 20:00:40.818952+05:30
flipkart,TKPGSYPCBFKNUZ7W,Pepe,f,https://www.flipkart.com/x/p/x?pid=TKPGSYPCBFKNUZ7W,2025-09-01,2026-07-31,118,2026-08-19 20:00:40.818952+05:30
flipkart,TKPGSYPCNTSBCUUV,Pepe,f,https://www.flipkart.com/x/p/x?pid=TKPGSYPCNTSBCUUV,2025-09-01,2026-07-31,118,2026-08-19 20:00:40.818952+05:30
flipkart,TKPGSYPCSVEGZXTU,Pepe,f,https://www.flipkart.com/x/p/x?pid=TKPGSYPCSVEGZXTU,2025-09-01,2026-07-31,118,2026-08-19 20:00:40.818952+05:30
flipkart,TKPGSYPCTDHAGPFB,Pepe,f,https://www.flipkart.com/x/p/x?pid=TKPGSYPCTDHAGPFB,2025-09-01,2026-07-31,118,2026-08-19 20:00:40.818952+05:30
flipkart,TKPGSYPCX6HYRTNN,Pepe,f,https://www.flipkart.com/x/p/x?pid=TKPGSYPCX6HYRTNN,2026-01-01,2026-07-31,46,2026-08-19 20:00:40.818952+05:30
flipkart,TKPGSYPCXDEZYQDG,Pepe,f,https://www.flipkart.com/x/p/x?pid=TKPGSYPCXDEZYQDG,2026-01-01,2026-07-31,46,2026-08-19 20:00:40.818952+05:30
flipkart,TKPGSYPCXUARRUMY,Pepe,f,https://www.flipkart.com/x/p/x?pid=TKPGSYPCXUARRUMY,2026-01-01,2026-07-31,46,2026-08-19 20:00:40.818952+05:30
flipkart,TKPGSYPCYGWJEACQ,Pepe,f,https://www.flipkart.com/x/p/x?pid=TKPGSYPCYGWJEACQ,2026-01-01,2026-07-31,46,2026-08-19 20:00:40.818952+05:30
flipkart,TKPGSYPCZ3BPMPSF,Pepe,f,https://www.flipkart.com/x/p/x?pid=TKPGSYPCZ3BPMPSF,2026-01-01,2026-07-31,46,2026-08-19 20:00:40.818952+05:30
flipkart,TKPGSYXCFXPTHZBK,Pepe,f,https://www.flipkart.com/x/p/x?pid=TKPGSYXCFXPTHZBK,2026-01-01,2026-07-31,46,2026-08-19 20:00:40.818952+05:30
flipkart,TKPGTHNYBWHENYH6,Pepe,f,https://www.flipkart.com/x/p/x?pid=TKPGTHNYBWHENYH6,2026-06-15,2026-07-30,4,2026-08-19 20:00:40.818952+05:30
flipkart,TKPGTHNYC5NYSAVJ,Pepe,f,https://www.flipkart.com/x/p/x?pid=TKPGTHNYC5NYSAVJ,2026-06-15,2026-07-30,4,2026-08-19 20:00:40.818952+05:30
flipkart,TKPGTHNYEEK6PNKC,Pepe,f,https://www.flipkart.com/x/p/x?pid=TKPGTHNYEEK6PNKC,2025-10-01,2026-07-16,16,2026-08-19 20:00:40.818952+05:30
flipkart,TKPGTHNYFGUCTHDE,Pepe,f,https://www.flipkart.com/x/p/x?pid=TKPGTHNYFGUCTHDE,2025-10-01,2026-07-16,16,2026-08-19 20:00:40.818952+05:30
flipkart,TKPGTHNYNZYPG9HH,Pepe,f,https://www.flipkart.com/x/p/x?pid=TKPGTHNYNZYPG9HH,2025-10-01,2026-07-16,16,2026-08-19 20:00:40.818952+05:30
flipkart,TKPGTHNYQFUTTFVA,Pepe,f,https://www.flipkart.com/x/p/x?pid=TKPGTHNYQFUTTFVA,2025-10-01,2026-07-16,16,2026-08-19 20:00:40.818952+05:30
flipkart,TKPGTHNYTRFUBCGM,Pepe,f,https://www.flipkart.com/x/p/x?pid=TKPGTHNYTRFUBCGM,2026-06-15,2026-07-30,4,2026-08-19 20:00:40.818952+05:30
flipkart,TKPGTHNYWWCYXHFF,Pepe,f,https://www.flipkart.com/x/p/x?pid=TKPGTHNYWWCYXHFF,2025-10-01,2026-07-16,16,2026-08-19 20:00:40.818952+05:30
flipkart,TKPGTHNYXHCXPJFH,Pepe,f,https://www.flipkart.com/x/p/x?pid=TKPGTHNYXHCXPJFH,2025-10-01,2026-07-16,16,2026-08-19 20:00:40.818952+05:30
flipkart,TKPGTHNYXKPURXZD,Pepe,f,https://www.flipkart.com/x/p/x?pid=TKPGTHNYXKPURXZD,2025-10-01,2026-07-16,16,2026-08-19 20:00:40.818952+05:30
flipkart,TKPH2TTM8RYBXMGR,Pepe,f,https://www.flipkart.com/x/p/x?pid=TKPH2TTM8RYBXMGR,2025-09-01,2026-08-02,26,2026-08-19 20:00:40.818952+05:30
flipkart,TKPH2TTMGUXHNWJN,Pepe,f,https://www.flipkart.com/x/p/x?pid=TKPH2TTMGUXHNWJN,2026-01-01,2026-06-01,7,2026-08-19 20:00:40.818952+05:30
flipkart,TKPH2TTMHPSWMWGJ,Pepe,f,https://www.flipkart.com/x/p/x?pid=TKPH2TTMHPSWMWGJ,2026-06-01,2026-07-16,3,2026-08-19 20:00:40.818952+05:30
flipkart,TKPH2TTMHWRBHFQX,Pepe,f,https://www.flipkart.com/x/p/x?pid=TKPH2TTMHWRBHFQX,2025-09-01,2026-08-02,26,2026-08-19 20:00:40.818952+05:30
flipkart,TKPH2TTMJCBF8R3M,Pepe,f,https://www.flipkart.com/x/p/x?pid=TKPH2TTMJCBF8R3M,2025-09-01,2026-07-26,38,2026-08-19 20:00:40.818952+05:30
flipkart,TKPH2TTMKRWF58QM,Pepe,f,https://www.flipkart.com/x/p/x?pid=TKPH2TTMKRWF58QM,2026-06-06,2026-07-26,6,2026-08-19 20:00:40.818952+05:30
flipkart,TKPH2TTMVVEKXDX4,Pepe,f,https://www.flipkart.com/x/p/x?pid=TKPH2TTMVVEKXDX4,2025-09-01,2026-08-02,25,2026-08-19 20:00:40.818952+05:30
flipkart,TKPH2TTMWMHWFXPE,Pepe,f,https://www.flipkart.com/x/p/x?pid=TKPH2TTMWMHWFXPE,2025-09-01,2026-06-01,6,2026-08-19 20:00:40.818952+05:30
flipkart,TKPH2TTMWTFQDUWH,Pepe,f,https://www.flipkart.com/x/p/x?pid=TKPH2TTMWTFQDUWH,2025-10-01,2026-07-16,14,2026-08-19 20:00:40.818952+05:30
flipkart,TKPH2TTMZNKBVN52,Pepe,f,https://www.flipkart.com/x/p/x?pid=TKPH2TTMZNKBVN52,2025-09-01,2026-07-26,39,2026-08-19 20:00:40.818952+05:30
flipkart,TKPH5URAFZJ9YSGG,Pepe,f,https://www.flipkart.com/x/p/x?pid=TKPH5URAFZJ9YSGG,2026-01-01,2026-07-30,40,2026-08-19 20:00:40.818952+05:30
flipkart,TKPH5URAJGUXT5SG,Pepe,f,https://www.flipkart.com/x/p/x?pid=TKPH5URAJGUXT5SG,2026-01-01,2026-07-30,40,2026-08-19 20:00:40.818952+05:30
flipkart,TKPH5URAPZJ7TGXZ,Pepe,f,https://www.flipkart.com/x/p/x?pid=TKPH5URAPZJ7TGXZ,2026-01-01,2026-07-30,40,2026-08-19 20:00:40.818952+05:30
flipkart,TKPH5URAWVHYBZHU,Pepe,f,https://www.flipkart.com/x/p/x?pid=TKPH5URAWVHYBZHU,2026-01-01,2026-07-30,40,2026-08-19 20:00:40.818952+05:30
flipkart,TKPH8GGB6GETHQEB,Pepe,f,https://www.flipkart.com/x/p/x?pid=TKPH8GGB6GETHQEB,2026-06-01,2026-06-25,4,2026-08-19 20:00:40.818952+05:30
flipkart,TKPH8MTJ687ZET8H,Pepe,f,https://www.flipkart.com/x/p/x?pid=TKPH8MTJ687ZET8H,2026-06-06,2026-07-26,6,2026-08-19 20:00:40.818952+05:30
flipkart,TKPH8MTJH5D4AHG6,Pepe,f,https://www.flipkart.com/x/p/x?pid=TKPH8MTJH5D4AHG6,2025-09-01,2026-07-26,39,2026-08-19 20:00:40.818952+05:30
flipkart,TKPH8MTJUWNEVNBA,Pepe,f,https://www.flipkart.com/x/p/x?pid=TKPH8MTJUWNEVNBA,2025-09-01,2026-07-26,39,2026-08-19 20:00:40.818952+05:30
flipkart,TKPH8MTXDBUUNCZ6,Pepe,f,https://www.flipkart.com/x/p/x?pid=TKPH8MTXDBUUNCZ6,2026-01-01,2026-07-31,46,2026-08-19 20:00:40.818952+05:30
flipkart,TKPH8MTXEAJDTQQB,Pepe,f,https://www.flipkart.com/x/p/x?pid=TKPH8MTXEAJDTQQB,2026-06-01,2026-06-15,5,2026-08-19 20:00:40.818952+05:30
flipkart,TKPH8MTXFWZFBZYG,Pepe,f,https://www.flipkart.com/x/p/x?pid=TKPH8MTXFWZFBZYG,2026-01-01,2026-07-31,46,2026-08-19 20:00:40.818952+05:30
flipkart,TKPH8MTXNRYV3DAZ,Pepe,f,https://www.flipkart.com/x/p/x?pid=TKPH8MTXNRYV3DAZ,2026-01-01,2026-07-31,46,2026-08-19 20:00:40.818952+05:30
flipkart,TKPH8MTXXNY2H39G,Pepe,f,https://www.flipkart.com/x/p/x?pid=TKPH8MTXXNY2H39G,2026-01-01,2026-07-31,46,2026-08-19 20:00:40.818952+05:30
flipkart,TKPHNDME8JZ2G9CB,Pepe,f,https://www.flipkart.com/x/p/x?pid=TKPHNDME8JZ2G9CB,2026-07-13,2026-07-15,4,2026-08-19 20:00:40.818952+05:30
flipkart,TKPHNDMEDRQUYWHZ,Pepe,f,https://www.flipkart.com/x/p/x?pid=TKPHNDMEDRQUYWHZ,2026-07-13,2026-07-15,4,2026-08-19 20:00:40.818952+05:30
flipkart,TKPHNDMEUGXYZARN,Pepe,f,https://www.flipkart.com/x/p/x?pid=TKPHNDMEUGXYZARN,2026-07-13,2026-07-15,4,2026-08-19 20:00:40.818952+05:30
flipkart,TKPHNDMFGWZR4NF5,Pepe,f,https://www.flipkart.com/x/p/x?pid=TKPHNDMFGWZR4NF5,2026-07-13,2026-07-15,4,2026-08-19 20:00:40.818952+05:30
flipkart,TKPHNDMFSHGMQEKB,Pepe,f,https://www.flipkart.com/x/p/x?pid=TKPHNDMFSHGMQEKB,2026-07-13,2026-07-15,4,2026-08-19 20:00:40.818952+05:30
flipkart,TKPHZTUBHDBYB4NZ,Pepe,f,https://www.flipkart.com/x/p/x?pid=TKPHZTUBHDBYB4NZ,2026-01-01,2026-07-30,36,2026-08-19 20:00:40.818952+05:30
flipkart,TKPHZTUBSKZYKYGY,Pepe,f,https://www.flipkart.com/x/p/x?pid=TKPHZTUBSKZYKYGY,2026-01-01,2026-04-01,30,2026-08-19 20:00:40.818952+05:30
flipkart,TKPHZTUBTRJGZ4RZ,Pepe,f,https://www.flipkart.com/x/p/x?pid=TKPHZTUBTRJGZ4RZ,2026-01-01,2026-07-30,36,2026-08-19 20:00:40.818952+05:30
flipkart,TNRFA6WAZWA2KJHM,Nutriglow,f,https://www.flipkart.com/x/p/x?pid=TNRFA6WAZWA2KJHM,2026-02-01,2026-02-01,2,2026-08-19 20:00:40.818952+05:30
flipkart,TRKFF2FN2FKEBC3S,Pepe,f,https://www.flipkart.com/x/p/x?pid=TRKFF2FN2FKEBC3S,2025-11-01,2026-07-24,3,2026-08-19 20:00:40.818952+05:30
flipkart,TRKFFFTZDVPKQYKC,Pepe,f,https://www.flipkart.com/x/p/x?pid=TRKFFFTZDVPKQYKC,2025-11-01,2026-07-24,3,2026-08-19 20:00:40.818952+05:30
flipkart,TRKFFFTZNQNNK4BP,Pepe,f,https://www.flipkart.com/x/p/x?pid=TRKFFFTZNQNNK4BP,2026-05-01,2026-05-01,1,2026-08-19 20:00:40.818952+05:30
flipkart,TRKFFFUYEW8PQSDR,Pepe,f,https://www.flipkart.com/x/p/x?pid=TRKFFFUYEW8PQSDR,2025-09-01,2025-12-01,2,2026-08-19 20:00:40.818952+05:30
flipkart,TRKFFFUYEZQPGMSG,Pepe,f,https://www.flipkart.com/x/p/x?pid=TRKFFFUYEZQPGMSG,2025-09-01,2025-12-01,2,2026-08-19 20:00:40.818952+05:30
flipkart,TSHGSUT86EGTBTMZ,Pepe,f,https://www.flipkart.com/x/p/x?pid=TSHGSUT86EGTBTMZ,2025-09-01,2026-08-09,46,2026-08-19 20:00:40.818952+05:30
flipkart,TSHGSUT9HEHTJVKA,Pepe,f,https://www.flipkart.com/x/p/x?pid=TSHGSUT9HEHTJVKA,2025-09-01,2026-08-09,46,2026-08-19 20:00:40.818952+05:30
flipkart,TSHGSUTA8P6XKZWF,Pepe,f,https://www.flipkart.com/x/p/x?pid=TSHGSUTA8P6XKZWF,2025-09-01,2026-08-09,46,2026-08-19 20:00:40.818952+05:30
flipkart,TSHGSUTA9PJHYHWD,Pepe,f,https://www.flipkart.com/x/p/x?pid=TSHGSUTA9PJHYHWD,2026-06-01,2026-06-06,4,2026-08-19 20:00:40.818952+05:30
flipkart,TSHGSUTA9ZWNC3QG,Pepe,f,https://www.flipkart.com/x/p/x?pid=TSHGSUTA9ZWNC3QG,2025-09-01,2026-08-09,46,2026-08-19 20:00:40.818952+05:30
flipkart,TSHGSUTBCYM82QFQ,Pepe,f,https://www.flipkart.com/x/p/x?pid=TSHGSUTBCYM82QFQ,2025-09-01,2026-08-09,43,2026-08-19 20:00:40.818952+05:30
flipkart,TSHGSUTBS8NCZWX2,Pepe,f,https://www.flipkart.com/x/p/x?pid=TSHGSUTBS8NCZWX2,2026-06-01,2026-06-06,4,2026-08-19 20:00:40.818952+05:30
flipkart,TSHGSUTBY85HUUTX,Pepe,f,https://www.flipkart.com/x/p/x?pid=TSHGSUTBY85HUUTX,2025-09-01,2026-08-09,43,2026-08-19 20:00:40.818952+05:30
flipkart,TSHGSUTCHG9ZSYHF,Pepe,f,https://www.flipkart.com/x/p/x?pid=TSHGSUTCHG9ZSYHF,2026-06-01,2026-06-06,4,2026-08-19 20:00:40.818952+05:30
flipkart,TSHGSUTCQHTXPU7T,Pepe,f,https://www.flipkart.com/x/p/x?pid=TSHGSUTCQHTXPU7T,2025-09-01,2026-08-09,43,2026-08-19 20:00:40.818952+05:30
flipkart,TSHGSUTCU9JSGH44,Pepe,f,https://www.flipkart.com/x/p/x?pid=TSHGSUTCU9JSGH44,2025-09-01,2026-08-09,46,2026-08-19 20:00:40.818952+05:30
flipkart,TSHH8NR5R9KTDJQW,Pepe,f,https://www.flipkart.com/x/p/x?pid=TSHH8NR5R9KTDJQW,2025-09-01,2026-08-09,46,2026-08-19 20:00:40.818952+05:30
flipkart,TSHH8NRFTVJZF7DW,Pepe,f,https://www.flipkart.com/x/p/x?pid=TSHH8NRFTVJZF7DW,2025-09-01,2026-08-09,46,2026-08-19 20:00:40.818952+05:30
flipkart,TSHH8NU8EHCFHZB9,Pepe,f,https://www.flipkart.com/x/p/x?pid=TSHH8NU8EHCFHZB9,2026-06-01,2026-06-06,4,2026-08-19 20:00:40.818952+05:30
flipkart,TSHHCHZP3J5ZFRU7,Pepe,f,https://www.flipkart.com/x/p/x?pid=TSHHCHZP3J5ZFRU7,2025-09-01,2026-08-03,50,2026-08-19 20:00:40.818952+05:30
flipkart,TSHHCHZP3TPCWQMM,Pepe,f,https://www.flipkart.com/x/p/x?pid=TSHHCHZP3TPCWQMM,2025-09-01,2026-08-03,50,2026-08-19 20:00:40.818952+05:30
flipkart,TSHHCHZP8YHX8CBY,Pepe,f,https://www.flipkart.com/x/p/x?pid=TSHHCHZP8YHX8CBY,2025-09-01,2026-08-03,50,2026-08-19 20:00:40.818952+05:30
flipkart,TSHHCHZPAD7JCGRK,Pepe,f,https://www.flipkart.com/x/p/x?pid=TSHHCHZPAD7JCGRK,2025-09-01,2026-08-03,49,2026-08-19 20:00:40.818952+05:30
flipkart,TSHHCHZPCTKYBK4A,Pepe,f,https://www.flipkart.com/x/p/x?pid=TSHHCHZPCTKYBK4A,2025-09-01,2026-08-03,48,2026-08-19 20:00:40.818952+05:30
flipkart,TSHHCHZPFQEVEAQQ,Pepe,f,https://www.flipkart.com/x/p/x?pid=TSHHCHZPFQEVEAQQ,2025-09-01,2026-08-03,48,2026-08-19 20:00:40.818952+05:30
flipkart,TSHHCHZPHWHEZWQQ,Pepe,f,https://www.flipkart.com/x/p/x?pid=TSHHCHZPHWHEZWQQ,2025-09-01,2026-08-03,49,2026-08-19 20:00:40.818952+05:30
flipkart,TSHHCHZPM8KUMFGH,Pepe,f,https://www.flipkart.com/x/p/x?pid=TSHHCHZPM8KUMFGH,2025-09-01,2026-08-03,49,2026-08-19 20:00:40.818952+05:30
flipkart,TSHHCHZPNH4VGSJA,Pepe,f,https://www.flipkart.com/x/p/x?pid=TSHHCHZPNH4VGSJA,2025-09-01,2026-08-03,49,2026-08-19 20:00:40.818952+05:30
flipkart,TSHHCHZPQHS2MJAG,Pepe,f,https://www.flipkart.com/x/p/x?pid=TSHHCHZPQHS2MJAG,2025-09-01,2026-08-03,49,2026-08-19 20:00:40.818952+05:30
flipkart,TSHHCHZPSYNBHGNM,Pepe,f,https://www.flipkart.com/x/p/x?pid=TSHHCHZPSYNBHGNM,2025-09-01,2026-08-03,49,2026-08-19 20:00:40.818952+05:30
flipkart,TSHHCHZPVJAGWTTG,Pepe,f,https://www.flipkart.com/x/p/x?pid=TSHHCHZPVJAGWTTG,2025-09-01,2026-08-03,49,2026-08-19 20:00:40.818952+05:30
flipkart,TSHHCHZPWEDWVFFP,Pepe,f,https://www.flipkart.com/x/p/x?pid=TSHHCHZPWEDWVFFP,2025-09-01,2026-08-03,49,2026-08-19 20:00:40.818952+05:30
flipkart,TSHHCHZPXTGZXVZF,Pepe,f,https://www.flipkart.com/x/p/x?pid=TSHHCHZPXTGZXVZF,2025-09-01,2026-08-03,49,2026-08-19 20:00:40.818952+05:30
flipkart,TSHHCHZPYY2A6GA4,Pepe,f,https://www.flipkart.com/x/p/x?pid=TSHHCHZPYY2A6GA4,2025-09-01,2026-08-03,48,2026-08-19 20:00:40.818952+05:30
flipkart,TSHHCKSG7PQRZGM2,Pepe,f,https://www.flipkart.com/x/p/x?pid=TSHHCKSG7PQRZGM2,2025-09-01,2026-08-03,49,2026-08-19 20:00:40.818952+05:30
flipkart,TSHHCKSGABGZAHRG,Pepe,f,https://www.flipkart.com/x/p/x?pid=TSHHCKSGABGZAHRG,2025-09-01,2026-08-03,49,2026-08-19 20:00:40.818952+05:30
flipkart,TSHHCKSGAHZZHBTY,Pepe,f,https://www.flipkart.com/x/p/x?pid=TSHHCKSGAHZZHBTY,2025-09-01,2026-08-03,49,2026-08-19 20:00:40.818952+05:30
flipkart,TSHHCKSGDRPZGMHU,Pepe,f,https://www.flipkart.com/x/p/x?pid=TSHHCKSGDRPZGMHU,2025-09-01,2026-08-03,50,2026-08-19 20:00:40.818952+05:30
flipkart,TSHHCKSGFXPPK5GV,Pepe,f,https://www.flipkart.com/x/p/x?pid=TSHHCKSGFXPPK5GV,2025-09-01,2026-08-03,49,2026-08-19 20:00:40.818952+05:30
flipkart,TSHHCKSGM5HEB5FV,Pepe,f,https://www.flipkart.com/x/p/x?pid=TSHHCKSGM5HEB5FV,2025-09-01,2026-08-03,50,2026-08-19 20:00:40.818952+05:30
flipkart,TSHHCKSGMZPHHWZG,Pepe,f,https://www.flipkart.com/x/p/x?pid=TSHHCKSGMZPHHWZG,2025-09-01,2026-08-03,49,2026-08-19 20:00:40.818952+05:30
flipkart,TSHHCKSGPGYUQY9G,Pepe,f,https://www.flipkart.com/x/p/x?pid=TSHHCKSGPGYUQY9G,2025-09-01,2026-08-03,50,2026-08-19 20:00:40.818952+05:30
flipkart,TSHHCKSGSP8GHBJG,Pepe,f,https://www.flipkart.com/x/p/x?pid=TSHHCKSGSP8GHBJG,2025-09-01,2026-08-03,49,2026-08-19 20:00:40.818952+05:30
flipkart,TSHHCKSGSZFNEFAY,Pepe,f,https://www.flipkart.com/x/p/x?pid=TSHHCKSGSZFNEFAY,2025-09-01,2026-08-03,49,2026-08-19 20:00:40.818952+05:30
flipkart,TSHHCKSGU77X4FDT,Pepe,f,https://www.flipkart.com/x/p/x?pid=TSHHCKSGU77X4FDT,2025-09-01,2026-08-03,50,2026-08-19 20:00:40.818952+05:30
flipkart,TSHHCKSGWNGKY7HH,Pepe,f,https://www.flipkart.com/x/p/x?pid=TSHHCKSGWNGKY7HH,2025-09-01,2026-08-03,49,2026-08-19 20:00:40.818952+05:30
flipkart,TSHHCKSGWQKARXTR,Pepe,f,https://www.flipkart.com/x/p/x?pid=TSHHCKSGWQKARXTR,2025-09-01,2026-08-03,49,2026-08-19 20:00:40.818952+05:30
flipkart,TSHHCKSGYZBSAB3B,Pepe,f,https://www.flipkart.com/x/p/x?pid=TSHHCKSGYZBSAB3B,2025-09-01,2026-08-03,50,2026-08-19 20:00:40.818952+05:30
flipkart,TSHHCKSGZNZPWUGC,Pepe,f,https://www.flipkart.com/x/p/x?pid=TSHHCKSGZNZPWUGC,2025-09-01,2026-08-03,49,2026-08-19 20:00:40.818952+05:30
flipkart,TSHHCKTJFG6FWGQ6,Pepe,f,https://www.flipkart.com/x/p/x?pid=TSHHCKTJFG6FWGQ6,2026-07-25,2026-07-25,1,2026-08-19 20:00:40.818952+05:30
flipkart,TSHHCKTJJ2ZCVEGH,Pepe,f,https://www.flipkart.com/x/p/x?pid=TSHHCKTJJ2ZCVEGH,2025-10-01,2026-07-25,2,2026-08-19 20:00:40.818952+05:30
flipkart,TSHHCKTJKHPZUDZM,Pepe,f,https://www.flipkart.com/x/p/x?pid=TSHHCKTJKHPZUDZM,2026-04-01,2026-04-01,1,2026-08-19 20:00:40.818952+05:30
flipkart,TSHHCKTJKRDHZM2G,Pepe,f,https://www.flipkart.com/x/p/x?pid=TSHHCKTJKRDHZM2G,2026-04-01,2026-04-01,1,2026-08-19 20:00:40.818952+05:30
flipkart,TSHHCKTJRRG8YGTG,Pepe,f,https://www.flipkart.com/x/p/x?pid=TSHHCKTJRRG8YGTG,2025-10-01,2026-07-25,2,2026-08-19 20:00:40.818952+05:30
flipkart,TSHHCKTJZQZAHKEC,Pepe,f,https://www.flipkart.com/x/p/x?pid=TSHHCKTJZQZAHKEC,2026-04-01,2026-04-01,1,2026-08-19 20:00:40.818952+05:30
flipkart,TSHHCKTJZYFHHGCJ,Pepe,f,https://www.flipkart.com/x/p/x?pid=TSHHCKTJZYFHHGCJ,2026-04-01,2026-04-01,1,2026-08-19 20:00:40.818952+05:30
flipkart,TSHHG6YXJB3UEGAU,Pepe,f,https://www.flipkart.com/x/p/x?pid=TSHHG6YXJB3UEGAU,2026-07-15,2026-07-15,1,2026-08-19 20:00:40.818952+05:30
flipkart,TSHHG6YXJT3DHV4U,Pepe,f,https://www.flipkart.com/x/p/x?pid=TSHHG6YXJT3DHV4U,2026-07-15,2026-07-15,1,2026-08-19 20:00:40.818952+05:30
flipkart,TSHHG6YXZSPQPH64,Pepe,f,https://www.flipkart.com/x/p/x?pid=TSHHG6YXZSPQPH64,2026-07-15,2026-07-15,1,2026-08-19 20:00:40.818952+05:30
flipkart,TSHHG6YY4HM8BJNZ,Pepe,f,https://www.flipkart.com/x/p/x?pid=TSHHG6YY4HM8BJNZ,2026-07-15,2026-07-15,1,2026-08-19 20:00:40.818952+05:30
flipkart,TSHHG6YYF7EHPGGA,Pepe,f,https://www.flipkart.com/x/p/x?pid=TSHHG6YYF7EHPGGA,2026-07-15,2026-07-15,1,2026-08-19 20:00:40.818952+05:30
flipkart,TSHHG6YYGZHBMX68,Pepe,f,https://www.flipkart.com/x/p/x?pid=TSHHG6YYGZHBMX68,2026-07-15,2026-07-15,1,2026-08-19 20:00:40.818952+05:30
flipkart,TSHHG6YYKSCPYGMM,Pepe,f,https://www.flipkart.com/x/p/x?pid=TSHHG6YYKSCPYGMM,2026-07-15,2026-07-15,1,2026-08-19 20:00:40.818952+05:30
flipkart,TSHHG6YYN8FSCMVR,Pepe,f,https://www.flipkart.com/x/p/x?pid=TSHHG6YYN8FSCMVR,2026-07-15,2026-07-15,1,2026-08-19 20:00:40.818952+05:30
flipkart,TSHHG6YYNQKYRSUC,Pepe,f,https://www.flipkart.com/x/p/x?pid=TSHHG6YYNQKYRSUC,2026-07-15,2026-07-15,1,2026-08-19 20:00:40.818952+05:30
flipkart,TSHHG6YYPJ4EDB2H,Pepe,f,https://www.flipkart.com/x/p/x?pid=TSHHG6YYPJ4EDB2H,2026-07-14,2026-07-15,2,2026-08-19 20:00:40.818952+05:30
flipkart,TSHHG6YYXH9GUSWJ,Pepe,f,https://www.flipkart.com/x/p/x?pid=TSHHG6YYXH9GUSWJ,2026-07-14,2026-07-15,2,2026-08-19 20:00:40.818952+05:30
flipkart,TSHHG6YYXYH7PHHU,Pepe,f,https://www.flipkart.com/x/p/x?pid=TSHHG6YYXYH7PHHU,2026-07-14,2026-07-15,2,2026-08-19 20:00:40.818952+05:30
flipkart,TSHHG6YYXYZKQDJ3,Pepe,f,https://www.flipkart.com/x/p/x?pid=TSHHG6YYXYZKQDJ3,2026-07-14,2026-07-15,2,2026-08-19 20:00:40.818952+05:30
flipkart,TSHHG96E34GYMJQV,Pepe,f,https://www.flipkart.com/x/p/x?pid=TSHHG96E34GYMJQV,2025-09-01,2026-08-09,46,2026-08-19 20:00:40.818952+05:30
flipkart,TSHHG96E3AHMMXYQ,Pepe,f,https://www.flipkart.com/x/p/x?pid=TSHHG96E3AHMMXYQ,2026-06-01,2026-06-06,4,2026-08-19 20:00:40.818952+05:30
flipkart,TSHHG96EEHFKFUXY,Pepe,f,https://www.flipkart.com/x/p/x?pid=TSHHG96EEHFKFUXY,2025-09-01,2026-08-09,43,2026-08-19 20:00:40.818952+05:30
flipkart,TSHHG96EHUZMMCUX,Pepe,f,https://www.flipkart.com/x/p/x?pid=TSHHG96EHUZMMCUX,2026-06-01,2026-07-22,9,2026-08-19 20:00:40.818952+05:30
flipkart,TSHHG96EMC2NTV4H,Pepe,f,https://www.flipkart.com/x/p/x?pid=TSHHG96EMC2NTV4H,2026-06-01,2026-06-06,4,2026-08-19 20:00:40.818952+05:30
flipkart,TSHHG96EMWH9RQ6V,Pepe,f,https://www.flipkart.com/x/p/x?pid=TSHHG96EMWH9RQ6V,2026-06-01,2026-06-06,4,2026-08-19 20:00:40.818952+05:30
flipkart,TSHHG96ENEZFGQGJ,Pepe,f,https://www.flipkart.com/x/p/x?pid=TSHHG96ENEZFGQGJ,2026-06-01,2026-06-06,4,2026-08-19 20:00:40.818952+05:30
flipkart,TSHHG96EPA39GEKH,Pepe,f,https://www.flipkart.com/x/p/x?pid=TSHHG96EPA39GEKH,2026-06-01,2026-06-06,4,2026-08-19 20:00:40.818952+05:30
flipkart,TSHHG96EU3QTAQYG,Pepe,f,https://www.flipkart.com/x/p/x?pid=TSHHG96EU3QTAQYG,2025-09-01,2026-08-09,43,2026-08-19 20:00:40.818952+05:30
flipkart,TSHHG96EYHPYNDCT,Pepe,f,https://www.flipkart.com/x/p/x?pid=TSHHG96EYHPYNDCT,2026-06-01,2026-06-06,4,2026-08-19 20:00:40.818952+05:30
flipkart,TSHHHGZV3Q4WWPCH,Pepe,f,https://www.flipkart.com/x/p/x?pid=TSHHHGZV3Q4WWPCH,2026-07-01,2026-07-21,4,2026-08-19 20:00:40.818952+05:30
flipkart,TSHHHGZVFDKFRY7S,Pepe,f,https://www.flipkart.com/x/p/x?pid=TSHHHGZVFDKFRY7S,2026-07-01,2026-07-21,4,2026-08-19 20:00:40.818952+05:30
flipkart,TSHHHGZVGKYX7YXD,Pepe,f,https://www.flipkart.com/x/p/x?pid=TSHHHGZVGKYX7YXD,2026-07-01,2026-07-21,4,2026-08-19 20:00:40.818952+05:30
flipkart,TSHHHGZVQAHNTA5X,Pepe,f,https://www.flipkart.com/x/p/x?pid=TSHHHGZVQAHNTA5X,2026-07-01,2026-07-21,4,2026-08-19 20:00:40.818952+05:30
flipkart,TSHHHGZVTKNTZVGR,Pepe,f,https://www.flipkart.com/x/p/x?pid=TSHHHGZVTKNTZVGR,2026-07-01,2026-07-21,4,2026-08-19 20:00:40.818952+05:30
flipkart,TSHHHJRA2XFF6ZBX,Pepe,f,https://www.flipkart.com/x/p/x?pid=TSHHHJRA2XFF6ZBX,2025-12-01,2026-08-10,46,2026-08-19 20:00:40.818952+05:30
flipkart,TSHHHJRA6RS7EUZE,Pepe,f,https://www.flipkart.com/x/p/x?pid=TSHHHJRA6RS7EUZE,2026-06-01,2026-06-29,7,2026-08-19 20:00:40.818952+05:30
flipkart,TSHHHJRA8C7ZXDW3,Pepe,f,https://www.flipkart.com/x/p/x?pid=TSHHHJRA8C7ZXDW3,2025-12-01,2026-08-10,46,2026-08-19 20:00:40.818952+05:30
flipkart,TSHHHJRA8ZMQMYHG,Pepe,f,https://www.flipkart.com/x/p/x?pid=TSHHHJRA8ZMQMYHG,2025-12-01,2026-08-10,46,2026-08-19 20:00:40.818952+05:30
flipkart,TSHHHJRA94PWAYGW,Pepe,f,https://www.flipkart.com/x/p/x?pid=TSHHHJRA94PWAYGW,2025-12-01,2026-08-10,46,2026-08-19 20:00:40.818952+05:30
flipkart,TSHHHJRA9WNSWQEP,Pepe,f,https://www.flipkart.com/x/p/x?pid=TSHHHJRA9WNSWQEP,2025-12-01,2026-08-10,46,2026-08-19 20:00:40.818952+05:30
flipkart,TSHHHJRAAHQGWZMX,Pepe,f,https://www.flipkart.com/x/p/x?pid=TSHHHJRAAHQGWZMX,2025-12-01,2026-08-10,47,2026-08-19 20:00:40.818952+05:30
flipkart,TSHHHJRAHXY4F7PK,Pepe,f,https://www.flipkart.com/x/p/x?pid=TSHHHJRAHXY4F7PK,2026-02-01,2026-08-03,32,2026-08-19 20:00:40.818952+05:30
flipkart,TSHHHJRAJZ9W3CHJ,Pepe,f,https://www.flipkart.com/x/p/x?pid=TSHHHJRAJZ9W3CHJ,2026-02-01,2026-08-03,32,2026-08-19 20:00:40.818952+05:30
flipkart,TSHHHJRANNWPSFHF,Pepe,f,https://www.flipkart.com/x/p/x?pid=TSHHHJRANNWPSFHF,2026-02-01,2026-08-03,32,2026-08-19 20:00:40.818952+05:30
flipkart,TSHHHJRARECBQRGY,Pepe,f,https://www.flipkart.com/x/p/x?pid=TSHHHJRARECBQRGY,2026-02-01,2026-08-03,32,2026-08-19 20:00:40.818952+05:30
flipkart,TSHHHJRARG5VGWZC,Pepe,f,https://www.flipkart.com/x/p/x?pid=TSHHHJRARG5VGWZC,2026-02-01,2026-08-03,32,2026-08-19 20:00:40.818952+05:30
flipkart,TSHHHJRASMKXNJYD,Pepe,f,https://www.flipkart.com/x/p/x?pid=TSHHHJRASMKXNJYD,2026-02-01,2026-08-03,32,2026-08-19 20:00:40.818952+05:30
flipkart,TSHHHJRATVMXGFAG,Pepe,f,https://www.flipkart.com/x/p/x?pid=TSHHHJRATVMXGFAG,2026-02-01,2026-08-03,32,2026-08-19 20:00:40.818952+05:30
flipkart,TSHHHJRATZFGHRZ6,Pepe,f,https://www.flipkart.com/x/p/x?pid=TSHHHJRATZFGHRZ6,2026-02-01,2026-08-03,32,2026-08-19 20:00:40.818952+05:30
flipkart,TSHHHJRAVFNZGNFF,Pepe,f,https://www.flipkart.com/x/p/x?pid=TSHHHJRAVFNZGNFF,2026-02-01,2026-08-03,32,2026-08-19 20:00:40.818952+05:30
flipkart,TSHHHJRAWDVUHWBJ,Pepe,f,https://www.flipkart.com/x/p/x?pid=TSHHHJRAWDVUHWBJ,2026-06-01,2026-06-29,7,2026-08-19 20:00:40.818952+05:30
flipkart,TSHHHJRAX9D5ZHGY,Pepe,f,https://www.flipkart.com/x/p/x?pid=TSHHHJRAX9D5ZHGY,2026-02-01,2026-08-03,32,2026-08-19 20:00:40.818952+05:30
myntra,4,Test Brand,t,,2026-07-24,2026-08-20,100,2026-08-20 15:20:01.58+05:30
flipkart,TSHHHJRAYZD4VNH2,Pepe,f,https://www.flipkart.com/x/p/x?pid=TSHHHJRAYZD4VNH2,2026-02-01,2026-08-03,32,2026-08-19 20:00:40.818952+05:30
flipkart,TSHHHJRAZY3BXMSE,Pepe,f,https://www.flipkart.com/x/p/x?pid=TSHHHJRAZY3BXMSE,2026-02-01,2026-08-03,32,2026-08-19 20:00:40.818952+05:30
flipkart,TSHHZ7ZG5G3HUGEW,Pepe,f,https://www.flipkart.com/x/p/x?pid=TSHHZ7ZG5G3HUGEW,2026-07-01,2026-07-01,1,2026-08-19 20:00:40.818952+05:30
flipkart,TSHHZ7ZG66ZQVRV8,Pepe,f,https://www.flipkart.com/x/p/x?pid=TSHHZ7ZG66ZQVRV8,2026-07-01,2026-07-01,1,2026-08-19 20:00:40.818952+05:30
flipkart,TSHHZ7ZGC7RJJ5JG,Pepe,f,https://www.flipkart.com/x/p/x?pid=TSHHZ7ZGC7RJJ5JG,2026-07-01,2026-07-01,1,2026-08-19 20:00:40.818952+05:30
flipkart,TSHHZ7ZGHN3CXYGU,Pepe,f,https://www.flipkart.com/x/p/x?pid=TSHHZ7ZGHN3CXYGU,2026-07-01,2026-07-01,1,2026-08-19 20:00:40.818952+05:30
flipkart,TSHHZ7ZGMW2QH9AX,Pepe,f,https://www.flipkart.com/x/p/x?pid=TSHHZ7ZGMW2QH9AX,2026-07-01,2026-07-01,1,2026-08-19 20:00:40.818952+05:30
flipkart,TSHHZ7ZGQJVZNTZV,Pepe,f,https://www.flipkart.com/x/p/x?pid=TSHHZ7ZGQJVZNTZV,2026-07-01,2026-07-01,1,2026-08-19 20:00:40.818952+05:30
flipkart,TSHHZ7ZH2BBUTKXZ,Pepe,f,https://www.flipkart.com/x/p/x?pid=TSHHZ7ZH2BBUTKXZ,2026-07-01,2026-07-01,1,2026-08-19 20:00:40.818952+05:30
flipkart,TSHHZ7ZHF6CTNG3T,Pepe,f,https://www.flipkart.com/x/p/x?pid=TSHHZ7ZHF6CTNG3T,2026-07-01,2026-07-01,1,2026-08-19 20:00:40.818952+05:30
flipkart,TSHHZ7ZHG56U3SDC,Pepe,f,https://www.flipkart.com/x/p/x?pid=TSHHZ7ZHG56U3SDC,2026-07-01,2026-07-01,1,2026-08-19 20:00:40.818952+05:30
flipkart,TSHHZ7ZHG8ZNHMU8,Pepe,f,https://www.flipkart.com/x/p/x?pid=TSHHZ7ZHG8ZNHMU8,2026-07-01,2026-07-01,1,2026-08-19 20:00:40.818952+05:30
flipkart,TSHHZ7ZHGYZGXXBV,Pepe,f,https://www.flipkart.com/x/p/x?pid=TSHHZ7ZHGYZGXXBV,2026-07-01,2026-07-01,1,2026-08-19 20:00:40.818952+05:30
flipkart,TSHHZ7ZHWMRZKGRQ,Pepe,f,https://www.flipkart.com/x/p/x?pid=TSHHZ7ZHWMRZKGRQ,2026-07-01,2026-07-01,1,2026-08-19 20:00:40.818952+05:30
flipkart,TSHHZ7ZJ7QKHNRJS,Pepe,f,https://www.flipkart.com/x/p/x?pid=TSHHZ7ZJ7QKHNRJS,2026-07-01,2026-07-01,1,2026-08-19 20:00:40.818952+05:30
flipkart,TSHHZ7ZJRBGCDTGK,Pepe,f,https://www.flipkart.com/x/p/x?pid=TSHHZ7ZJRBGCDTGK,2026-07-01,2026-07-01,1,2026-08-19 20:00:40.818952+05:30
flipkart,TSHHZ7ZJV86NSFQZ,Pepe,f,https://www.flipkart.com/x/p/x?pid=TSHHZ7ZJV86NSFQZ,2026-07-01,2026-07-01,1,2026-08-19 20:00:40.818952+05:30
flipkart,TSHHZ7ZKZHFF5NAH,Pepe,f,https://www.flipkart.com/x/p/x?pid=TSHHZ7ZKZHFF5NAH,2026-07-01,2026-07-01,1,2026-08-19 20:00:40.818952+05:30
flipkart,VESFF2CG6GR7HHYN,Pepe,f,https://www.flipkart.com/x/p/x?pid=VESFF2CG6GR7HHYN,2026-02-01,2026-07-29,6,2026-08-19 20:00:40.818952+05:30
flipkart,VESFF2CGA2MXW9WH,Pepe,f,https://www.flipkart.com/x/p/x?pid=VESFF2CGA2MXW9WH,2026-06-01,2026-07-13,7,2026-08-19 20:00:40.818952+05:30
flipkart,VESFF2CGAF9RGFHX,Pepe,f,https://www.flipkart.com/x/p/x?pid=VESFF2CGAF9RGFHX,2026-01-01,2026-07-13,9,2026-08-19 20:00:40.818952+05:30
flipkart,VESFF2CGG3ZMAYYC,Pepe,f,https://www.flipkart.com/x/p/x?pid=VESFF2CGG3ZMAYYC,2026-06-01,2026-06-15,3,2026-08-19 20:00:40.818952+05:30
flipkart,VESFF2CGGBDCRHFC,Pepe,f,https://www.flipkart.com/x/p/x?pid=VESFF2CGGBDCRHFC,2026-02-01,2026-07-29,6,2026-08-19 20:00:40.818952+05:30
flipkart,VESFF2CGJ7EZRDGF,Pepe,f,https://www.flipkart.com/x/p/x?pid=VESFF2CGJ7EZRDGF,2026-06-01,2026-06-01,1,2026-08-19 20:00:40.818952+05:30
flipkart,VESFF2CGKSVEYRMF,Pepe,f,https://www.flipkart.com/x/p/x?pid=VESFF2CGKSVEYRMF,2026-02-01,2026-07-29,6,2026-08-19 20:00:40.818952+05:30
flipkart,VESFF2CGMCBHCBCW,Pepe,f,https://www.flipkart.com/x/p/x?pid=VESFF2CGMCBHCBCW,2026-06-01,2026-07-29,3,2026-08-19 20:00:40.818952+05:30
flipkart,VESFF2CGMYFFEPSE,Pepe,f,https://www.flipkart.com/x/p/x?pid=VESFF2CGMYFFEPSE,2026-06-01,2026-07-21,2,2026-08-19 20:00:40.818952+05:30
flipkart,VESFF2CGNYVNPPMT,Pepe,f,https://www.flipkart.com/x/p/x?pid=VESFF2CGNYVNPPMT,2026-06-01,2026-07-13,7,2026-08-19 20:00:40.818952+05:30
flipkart,VESFF2CGPGXXGDDS,Pepe,f,https://www.flipkart.com/x/p/x?pid=VESFF2CGPGXXGDDS,2026-06-25,2026-06-25,1,2026-08-19 20:00:40.818952+05:30
flipkart,VESFF2CGQKN2HQCE,Pepe,f,https://www.flipkart.com/x/p/x?pid=VESFF2CGQKN2HQCE,2026-02-01,2026-07-29,6,2026-08-19 20:00:40.818952+05:30
flipkart,VESFF2CGSGYWRGZS,Pepe,f,https://www.flipkart.com/x/p/x?pid=VESFF2CGSGYWRGZS,2026-07-22,2026-07-29,2,2026-08-19 20:00:40.818952+05:30
flipkart,VESFF2CGUHSAFTBZ,Pepe,f,https://www.flipkart.com/x/p/x?pid=VESFF2CGUHSAFTBZ,2026-06-01,2026-06-01,1,2026-08-19 20:00:40.818952+05:30
flipkart,VESFF2CGV9KVUF73,Pepe,f,https://www.flipkart.com/x/p/x?pid=VESFF2CGV9KVUF73,2026-06-01,2026-07-13,7,2026-08-19 20:00:40.818952+05:30
flipkart,VESFF2CGWGGC88DT,Pepe,f,https://www.flipkart.com/x/p/x?pid=VESFF2CGWGGC88DT,2026-01-01,2026-07-13,9,2026-08-19 20:00:40.818952+05:30
flipkart,VESFF2CGWJDZPPDU,Pepe,f,https://www.flipkart.com/x/p/x?pid=VESFF2CGWJDZPPDU,2026-01-01,2026-07-13,9,2026-08-19 20:00:40.818952+05:30
flipkart,VESGFCUG9YG7SU2Y,Pepe,f,https://www.flipkart.com/x/p/x?pid=VESGFCUG9YG7SU2Y,2026-01-01,2026-07-23,7,2026-08-19 20:00:40.818952+05:30
flipkart,VESGFCUGGDGPQ5HR,Pepe,f,https://www.flipkart.com/x/p/x?pid=VESGFCUGGDGPQ5HR,2026-01-01,2026-07-23,7,2026-08-19 20:00:40.818952+05:30
flipkart,VESGFCUGNPHDVFG5,Pepe,f,https://www.flipkart.com/x/p/x?pid=VESGFCUGNPHDVFG5,2026-01-01,2026-07-23,6,2026-08-19 20:00:40.818952+05:30
flipkart,VESGFCUGVDFNPJDG,Pepe,f,https://www.flipkart.com/x/p/x?pid=VESGFCUGVDFNPJDG,2026-01-01,2026-07-23,6,2026-08-19 20:00:40.818952+05:30
flipkart,VESGZ9YZ6PMNMNAJ,Pepe,f,https://www.flipkart.com/x/p/x?pid=VESGZ9YZ6PMNMNAJ,2026-06-01,2026-06-01,3,2026-08-19 20:00:40.818952+05:30
flipkart,VESGZ9YZ8ZBYGVDX,Pepe,f,https://www.flipkart.com/x/p/x?pid=VESGZ9YZ8ZBYGVDX,2026-01-01,2026-07-13,9,2026-08-19 20:00:40.818952+05:30
flipkart,VESGZ9YZAZKVADDR,Pepe,f,https://www.flipkart.com/x/p/x?pid=VESGZ9YZAZKVADDR,2026-01-01,2026-07-13,9,2026-08-19 20:00:40.818952+05:30
flipkart,VESGZ9YZBEAPYSSZ,Pepe,f,https://www.flipkart.com/x/p/x?pid=VESGZ9YZBEAPYSSZ,2026-01-01,2026-07-13,9,2026-08-19 20:00:40.818952+05:30
flipkart,VESGZ9YZE7TGEHAT,Pepe,f,https://www.flipkart.com/x/p/x?pid=VESGZ9YZE7TGEHAT,2026-06-01,2026-07-01,4,2026-08-19 20:00:40.818952+05:30
flipkart,VESGZ9YZNXUPDTKU,Pepe,f,https://www.flipkart.com/x/p/x?pid=VESGZ9YZNXUPDTKU,2026-01-01,2026-07-13,9,2026-08-19 20:00:40.818952+05:30
flipkart,VESGZ9YZUURYFYZZ,Pepe,f,https://www.flipkart.com/x/p/x?pid=VESGZ9YZUURYFYZZ,2026-06-01,2026-07-01,4,2026-08-19 20:00:40.818952+05:30
flipkart,VESGZ9YZZHNDTRCP,Pepe,f,https://www.flipkart.com/x/p/x?pid=VESGZ9YZZHNDTRCP,2026-01-01,2026-07-13,9,2026-08-19 20:00:40.818952+05:30
flipkart,VESH8VE5Y8RZBS9H,Pepe,f,https://www.flipkart.com/x/p/x?pid=VESH8VE5Y8RZBS9H,2026-06-01,2026-06-01,1,2026-08-19 20:00:40.818952+05:30
flipkart,VESH99X7GSGCAHCC,Pepe,f,https://www.flipkart.com/x/p/x?pid=VESH99X7GSGCAHCC,2026-06-01,2026-06-01,1,2026-08-19 20:00:40.818952+05:30
flipkart,VESHCN7CGSWYVEAZ,Pepe,f,https://www.flipkart.com/x/p/x?pid=VESHCN7CGSWYVEAZ,2026-02-01,2026-07-29,6,2026-08-19 20:00:40.818952+05:30
myntra,5,Test Brand,t,,2026-07-23,2026-08-20,100,2026-08-20 15:20:01.582+05:30
myntra,6,Test Brand,t,,2026-07-22,2026-08-20,100,2026-08-20 15:20:01.583+05:30
myntra,1,WS Test,t,,2026-07-27,2026-08-20,283,2026-08-20 15:22:43.447+05:30
myntra,300001,LargeRepl_1,f,https://www.myntra.local/p/large_300001,2026-08-24,2026-08-30,620,2026-08-20 14:08:45.029+05:30
myntra,300002,LargeRepl_2,f,https://www.myntra.local/p/large_300002,2026-08-24,2026-08-30,620,2026-08-20 14:08:45.034+05:30
myntra,300003,LargeRepl_3,f,https://www.myntra.local/p/large_300003,2026-08-24,2026-08-30,620,2026-08-20 14:08:45.037+05:30
myntra,300004,LargeRepl_4,f,https://www.myntra.local/p/large_300004,2026-08-24,2026-08-30,620,2026-08-20 14:08:45.041+05:30
myntra,300005,LargeRepl_0,f,https://www.myntra.local/p/large_300005,2026-08-24,2026-08-30,620,2026-08-20 14:08:45.044+05:30
myntra,300006,LargeRepl_1,f,https://www.myntra.local/p/large_300006,2026-08-24,2026-08-30,620,2026-08-20 14:08:45.047+05:30
myntra,300007,LargeRepl_2,f,https://www.myntra.local/p/large_300007,2026-08-24,2026-08-30,620,2026-08-20 14:08:45.05+05:30
myntra,300008,LargeRepl_3,f,https://www.myntra.local/p/large_300008,2026-08-24,2026-08-30,620,2026-08-20 14:08:45.053+05:30
myntra,300009,LargeRepl_4,f,https://www.myntra.local/p/large_300009,2026-08-24,2026-08-30,620,2026-08-20 14:08:45.056+05:30
myntra,300010,LargeRepl_0,f,https://www.myntra.local/p/large_300010,2026-08-24,2026-08-30,620,2026-08-20 14:08:45.066+05:30
myntra,300011,LargeRepl_1,f,https://www.myntra.local/p/large_300011,2026-08-24,2026-08-30,620,2026-08-20 14:08:45.069+05:30
myntra,300012,LargeRepl_2,f,https://www.myntra.local/p/large_300012,2026-08-24,2026-08-30,620,2026-08-20 14:08:45.072+05:30
myntra,300013,LargeRepl_3,f,https://www.myntra.local/p/large_300013,2026-08-24,2026-08-30,620,2026-08-20 14:08:45.076+05:30
myntra,300014,LargeRepl_4,f,https://www.myntra.local/p/large_300014,2026-08-24,2026-08-30,620,2026-08-20 14:08:45.079+05:30
myntra,300015,LargeRepl_0,f,https://www.myntra.local/p/large_300015,2026-08-24,2026-08-30,620,2026-08-20 14:08:45.081+05:30
myntra,300016,LargeRepl_1,f,https://www.myntra.local/p/large_300016,2026-08-24,2026-08-30,620,2026-08-20 14:08:45.084+05:30
myntra,300017,LargeRepl_2,f,https://www.myntra.local/p/large_300017,2026-08-24,2026-08-30,620,2026-08-20 14:08:45.087+05:30
myntra,300018,LargeRepl_3,f,https://www.myntra.local/p/large_300018,2026-08-24,2026-08-30,620,2026-08-20 14:08:45.091+05:30
myntra,300019,LargeRepl_4,f,https://www.myntra.local/p/large_300019,2026-08-24,2026-08-30,620,2026-08-20 14:08:45.094+05:30
myntra,300020,LargeRepl_0,f,https://www.myntra.local/p/large_300020,2026-08-24,2026-08-30,620,2026-08-20 14:08:45.099+05:30
myntra,300021,LargeRepl_1,f,https://www.myntra.local/p/large_300021,2026-08-24,2026-08-30,620,2026-08-20 14:08:45.102+05:30
myntra,300022,LargeRepl_2,f,https://www.myntra.local/p/large_300022,2026-08-24,2026-08-30,620,2026-08-20 14:08:45.105+05:30
myntra,300023,LargeRepl_3,f,https://www.myntra.local/p/large_300023,2026-08-24,2026-08-30,620,2026-08-20 14:08:45.115+05:30
myntra,300024,LargeRepl_4,f,https://www.myntra.local/p/large_300024,2026-08-24,2026-08-30,620,2026-08-20 14:08:45.119+05:30
myntra,300000,LargeRepl_0,f,https://www.myntra.local/p/large_300000,2026-08-24,2026-08-30,620,2026-08-20 14:08:45.124+05:30
myntra,3,Test Brand,t,,2026-07-25,2026-08-20,183,2026-08-20 15:21:42.032+05:30
myntra,2,WS Test,t,,2026-07-26,2026-08-20,284,2026-08-20 15:22:43.444+05:30
myntra,11,Final Test,f,,2026-08-20,2026-08-20,34,2026-08-20 15:23:32.806+05:30
myntra,12,Final Test,f,,2026-08-20,2026-08-20,33,2026-08-20 15:23:32.81+05:30
myntra,10,Test,t,,2026-08-20,2026-08-20,34,2026-08-20 15:23:32.822+05:30
myntra,100,Phase3Test,f,,2026-08-16,2026-08-20,50,2026-08-20 15:29:24.613+05:30
myntra,200,OptA,f,,2026-08-20,2026-08-20,25,2026-08-20 15:42:22.334+05:30
myntra,201,OptB,f,,2026-08-20,2026-08-20,25,2026-08-20 15:42:37.243+05:30
myntra,202,OptC,f,,2026-08-20,2026-08-20,25,2026-08-20 15:42:48.449+05:30
myntra,301,OptA-Test,f,,2026-08-06,2026-08-20,25,2026-08-20 15:48:40.45+05:30
myntra,302,OptA-Test,f,,2026-08-06,2026-08-20,25,2026-08-20 15:48:40.453+05:30
myntra,303,OptA-Test,f,,2026-08-06,2026-08-20,25,2026-08-20 15:48:40.454+05:30
myntra,300,OptA-Test,f,,2026-08-06,2026-08-20,25,2026-08-20 15:48:40.455+05:30
flipkart,TSHHHJRACHP5GR2W,Pepe,f,https://www.flipkart.com/x/p/x?pid=TSHHHJRACHP5GR2W,2025-12-01,2026-08-10,47,2026-08-19 20:00:40.818952+05:30
flipkart,TKPH5URAH9J5MH4G,Pepe,f,https://www.flipkart.com/x/p/x?pid=TKPH5URAH9J5MH4G,2026-01-01,2026-07-30,40,2026-08-19 20:00:40.818952+05:30
flipkart,BXRGZJCW9NY5YPZG,Pepe,f,https://www.flipkart.com/x/p/x?pid=BXRGZJCW9NY5YPZG,2025-09-01,2026-08-03,80,2026-08-19 20:00:40.818952+05:30
flipkart,SRTGSYQG43TJVM67,Pepe,f,https://www.flipkart.com/x/p/x?pid=SRTGSYQG43TJVM67,2025-10-01,2026-07-23,20,2026-08-19 20:00:40.818952+05:30
